publishedAt,textDisplay,label
2024-01-07T14:56:47Z,ganjar makan sukses keren bgt,1.0
2024-01-09T18:18:41Z,ya yg omong hati amp yg indah literasi amp janjijanji brsalam damai amp toleransi,
2024-01-09T16:51:46Z,disni ganjar kuasa materi prabowo tulus layan rakyat,
2024-01-09T15:38:13Z,kalo rela mati knp gabung jokowi hrsnya jd oposisi utk kontrol kerja jokowi,
2024-01-12T12:14:45Z,lu komen tonton pake otak ambil potong ganjar anies liat visi misi,
2024-01-08T18:30:57Z,tema perthanan bos pas jabat prabowo jqdi menhan prabowo transfaran paslon,
2024-01-08T10:20:49Z,no sibuk menjatukan no sibuk pikir negara maju kemarin sampe skrg setia dukung probowo,
2024-01-08T09:43:59Z,mosok,
2024-01-08T05:11:39Z,istanamassage gimana kasih bambang kalo lihat prestasi d acara debatliat aja d prestasi jabat paslon paslon gubernur ya prestasi paslon menhan lihat prestasi nya paslon otu prestasi gubernur nilai paslon gak ribetquot liat aja kerja nya d perintah kaua gimana,
2024-01-08T02:17:29Z,haru bgt dgn yg aniesbeliau kondisi indonesiatahu kondisi masyarakat indonesia,
2024-01-08T01:54:00Z,pk anies cocok jdi sales marketing ganjar cocok jdi motivator pk prabowo cocok jdi ri,
2024-01-08T01:27:39Z,strategi attack sahquot aja emg debat personal mas jalan tema seru debat kali,
2024-01-07T21:35:00Z,no,
2024-01-07T23:49:06Z,debat adu argumen adu gagas salah ga kritik ga maju pola pikir ky lu,
2024-01-07T23:07:33Z,nama debat ya gitu kalo musyawarah gak jatuh,
2024-01-07T18:45:15Z,cmn susah byk yg hasut bruh jdi baperan yg bilang dingin cmn dingin sipenghasut panas yg kena hasut,
2024-01-07T17:14:20Z,no calon yg baik masa semangat pk prabowoniat tulus bangsa indonesia,
2024-01-07T17:29:21Z,prabowo emang nya d menhan,
2024-01-07T17:02:58Z,ganjar moga allah pimpin amanah rakyat indonesia,
2024-01-07T16:57:24Z,anis baswedan sosok pimpin layak pimpin negerei brbrpaket komplit anies brsemoga menang tggl feb amin,
2024-01-07T16:24:28Z,wowo aamiin,
2024-01-07T16:49:56Z,pimpin ancam apa titik,
2024-01-07T17:02:19Z,ganjar yg pimpin indonesia amin pandai omon omon prabowo pantas pimpin,
2024-01-07T16:02:01Z,ragu pilih nomer karna debat main aman ganjar g visi misi yg,
2024-01-07T15:41:01Z,yg enak jelas anis jelastegasakuratsesuai,
2024-01-07T16:13:52Z,menang,
2024-01-07T15:29:25Z,orang pintar cerdas iman jatuh paselon kayaknanis isi hati xumaniri dengki berfikir jelek prabowo ganjar yg cermin hati yg busuk anis mbokyao lomba lomba bicara yg berfikir orangblai jelek anis yg jelek hati busuk ak salut prabowo ganjar,
2024-01-07T15:23:48Z,lihat polingnya debat no ttep tinggi,
2024-01-07T15:14:24Z,lu nikahin aja prabowo mumpung jomblo,
2024-01-20T10:05:37Z,hati dgn pilih andakarena tentu rakyat indonesiajangan sesal dtg nya terlambatdari hati kamisuara utk prabowo mas gibran,
2024-01-13T17:39:39Z,rakyat butuh actiontindakan dar teoriberkata moga rakyat indonesia bijaksana pilih pimpin,
2024-01-10T16:31:25Z,debat tau kalo visi misi paslon yg menjatohkan harga orang dg nyinyir,
2024-01-10T16:24:13Z,siappp dukung bp prabowo gibran ri yg sabar ya,
2024-01-10T13:22:28Z,insya allah prabowo the winner nya mari dukung capres sabar amp suka salah kandidat aamiin,
2024-01-09T14:25:17Z,prabowo sosok pimpin yg milik indonesia karna prabowo cari kaya cari sejahtera rakyatny,
2024-01-10T10:07:55Z,dansojelita serah hak singgung agama mu lucu lu,
2024-01-11T02:58:31Z,smakin kliatan klo kritis dlm brfikir smoga amin menang,
2024-01-08T14:31:08Z,salut prabowo moga presiden amanah indonesia emas,
2024-01-08T06:36:33Z,anis kayak emang ngerasa udah gabakal presiden jatuhin prabowo semangatt all prabowo,
2024-01-08T06:09:33Z,judunyal aja debat ya upaya jatuh lawan debat cari titik lemahnyakalau tuju dapat ya ndak debat,
2024-01-08T03:38:51Z,iya bang,
2024-01-08T00:45:47Z,bunggg tpi ikhlas bareng pikir teori maju indonesia yah zonk lo presiden ambil putus negara modal ikhlas dukung teori selesai negeri putus baik,
2024-01-07T23:26:52Z,kali ganjar jitu jeli adem sopan bagus ken dukung ganjar,
2024-01-07T19:20:22Z,saluttt bgt sm prabowo,
2024-01-07T19:17:40Z,dua penuh intrik penuh dg hasrat siasat tarik perhati masyarakat prabowo ihlas tulus pikir bangsa negara indonesia cinta prabowo legowo,
2024-01-07T20:00:08Z,hahahaha bot ya blunder gitu pilih,
2024-01-07T18:47:26Z,alutsista bekas food estate anggar tahan yg lu maksud nyerang bro,
2024-01-07T18:00:39Z,prabowo yg makmur rakyat cinta tanah air setia rakyat,
2024-01-07T17:24:12Z,yg rahasia yg dipublis yg putar yg dipublis sebenernya jangn elak kalo elak tau tdk kuasa,
2024-01-07T19:13:33Z,sabar kalo mah emang gaada bahan rujuk debat kuasa topik bicara,
2024-01-07T16:55:10Z,abah masyaallah tabarakallah allahuakbar abahallah swt menang abah,
2024-01-07T16:34:24Z,amin mantabbb aamiin,
2024-01-07T16:33:52Z,pimpin muluk byk umbar janji jatuh lawan jatuh manusia jatuh benar cari jalan gama,
2024-01-07T16:36:20Z,no bukti berani no,
2024-01-07T16:12:53Z,nanam singkong yg ngerjakan usaha udah gagal total pakai uang rakyat tp yg tanggungjawab,
2024-01-07T15:56:39Z,prabowo mantab,
2024-01-07T15:56:28Z,prabowo gibran,
2024-01-07T15:52:01Z,serang akademis memang boleh tendensius objektif kaya ga nyaman banget denger akademisibrbrnoted quotsemakin bicara celah dapat salah kalimat keluar,
2024-01-07T16:02:59Z,coba check mata najwa nobar mata najwa data nya yg sesuai fakta yg kata fakta nya anis baswedan data yg jokowi lahan brp ratus hektar rumah militer tahan,
2024-01-07T15:31:41Z,skor debat capres tiga branies brganjar brprabowo brbr gagas omonomon,
2024-01-07T15:10:58Z,mudah calon capres indonesia jujur pinter sayang rakyat plonga plongo,
2024-01-07T15:06:47Z,insyaallah allah meridoi nomor amn,
2024-01-07T15:02:36Z,anies ri cerdas,
2024-01-07T15:03:02Z,ahli mnjadi nomor indonesiq,
2024-01-09T14:52:26Z,banget,
2024-01-09T13:06:42Z,tahun hebat debat nya lucu pa prabowo hebat pa terima kasih jaga tahan negara pa sehat ya pa indonesia nya orang bapa pa maju indonesia merdeka pa,
2024-01-09T14:12:31Z,gimana gak jatohin rakyat milih putus asa bahas visi misi mending ngejatuhin upss,
2024-01-08T11:49:27Z,lihat debat jdi gak golput suara guna indonesia maju no,
2024-01-08T11:03:21Z,wkkwkw dukung sono orang emosi,
2024-01-08T06:58:56Z,ganjar muas,
2024-01-08T03:37:15Z,bismilah ganjar,
2024-01-08T01:15:38Z,iyamalah cuman pengin menjatuhkankacang lupa kulit nya omong manis banyak makan gula,
2024-01-08T01:30:26Z,liat anis ken banged jatuhin calon is another busuk tetep prabowo,
2024-01-07T23:28:58Z,papar p anies buka wawas tetang tahan bangsa amat pakar yg cenderung ga ubah sisi yg sempit tahan pondasi dasar rakyat jendral sudirman,
2024-01-07T22:24:05Z,politik jatuh hidup prabowo bicara kerja nyata,
2024-01-07T20:31:52Z,percaya hebat apa drama panggung debat pimpin negeri ending nya samalo gak kerja lo gak makan a href,
2024-01-07T20:18:47Z,probowo negarawan konsisten jaga juang rakyat banding sibuk layan serang paslon gak alam negara beliau tau jaga rahasia tahan dalam konflik penting urai banding bicara,
2024-01-07T19:26:23Z,allah maha kalo jelek bawa bawa nama allah,
2024-01-07T20:41:42Z,paslon pandai berkatakata hati perhati mimik eksperesi wajah jatuh lawan paslon kasiaan liat prabowo bahan serang debat capres prabowo hati tulus ikhlas negara x coblos beliau tegar percaya negara prabowo menang,
2024-01-07T18:37:25Z,anis yg paham negara beliau bicara yg menjdi nyata yg negara yg kunjung selesai indonesia butuh pimpin anis cerdas santun gap,
2024-01-07T18:25:18Z,mantap dukung no amin,
2024-01-07T19:08:44Z,gada kerja bro,
2024-01-07T16:41:19Z,moga njenengan pilih pimpin negara prabowo,
2024-01-07T16:18:20Z,yong anis amin cerdas sinar gagah pilih amin insya alloh menang,
2024-01-07T15:41:34Z,amin,
2024-01-07T15:40:48Z,amiin,
2024-01-07T15:57:09Z,yg ambisi capres berkalikali,
2024-01-07T16:21:08Z,emosional tri tahan loh yaiyalah ngomong nya kalo anis mah banyak puitis udah kyk vicky prasetyo,
2024-01-07T16:10:50Z,nama debat gimana sih,
2024-01-07T16:16:51Z,yg serang menhan keperibadian,
2024-01-07T15:27:28Z,gama baik,
2024-01-07T15:25:53Z,rakyat udah cerdasbrpasti pilih pimpin yg udah alam amp anti koropsi brgak percaya janjiquot yg manis mulut sajabrakhirnya lupa janjiquotnya,
2024-01-07T15:14:01Z,ahli ngomong banget luar rg ahli ngomong semu salah dimatanyabradakah pikat orang pandai bicara pidato diplomasi,
2024-01-07T15:13:43Z,pinter ngomong tp sayang dlm omonganya kliatan bngt gampang tp blm yg lontar br glagepan sembunyi kerja nya slama kena skakmat br dlm dngn data yg real jg milik pandang yg negara brjarjibeh laka lawan libas sat sett,
2024-01-07T15:04:53Z,saa hendra hendarsahgarut jawa barat dukung capres nourut anis baswedan menang februari,
2024-01-07T15:00:59Z,insyaallah amin yg terbaikamiin,
2024-01-07T14:59:50Z,mantap o,
2024-01-12T09:41:09Z,nomor urut emosional acara resmi debat capres,
2024-01-11T09:25:38Z,klau lihat wajah prabowo tulus negara raut wajah nya sabar prabowo subianto menang,
2024-01-09T14:35:10Z,sengaja iri prabowo brsehat prabowo,
2024-01-09T05:58:35Z,pimpin bangsa tdk mudh balik telapak tangan berat butuh pimpin yg amanah jujur dn yg utama baik ekonomi indonesia adil dn makmur bismillah,
2024-01-09T10:45:28Z,aku anis pintar ngomong,
2024-01-09T10:35:20Z,capres victory,
2024-01-09T11:30:52Z,userlrxqfsj iya marahini debat misi misikanpa bahas personal sampe harta pribadi,
2024-01-09T00:00:09Z,pilih prabowo brmenurut lupa ingatkanbrtapi yg pikir pikir utk brsemoga kali bpak prabowo menangb semangat,
2024-01-08T15:10:11Z,mah debat lapor tanggung menhan indonesia sih asli,
2024-01-08T07:05:32Z,prabowo bahas rencana indonesiaanis ganjar bahas kerja prabowosemakin yg ketarketir kalo prabowo presiden,
2024-01-08T06:23:59Z,bingung banyak baca komenan nya nyerang personal gagas debat yg bawa negara yg bahas jga perintah yg liat dri sudut pandang balik kali yg nyerang personal yg krg blg gin quotbapak ga ngomongin etika sesat org cinta indonesia penting pribadiquot serang personal doktrin tonton kasi banyak yg ngomen yg blg serang dri amat ku yg netral ga gitu huhu apa moga pimpin indonesia yg pilih allah izin yg amanah jujur adil cinta indonesia rakyat balance cinta bagi perintah,
2024-01-08T04:19:41Z,pimpin moga jalan amanah benerquotbekerja baik ekonomi negara ayom masyarakat musnah paraquotkoruptor,
2024-01-08T02:34:36Z,muka anis liat jahat bgt debat balut senyum,
2024-01-08T01:21:24Z,alhamdulillah very smart n relevan visi misi negeri depan teknokrasi integritas indonesia dunia,
2024-01-08T01:20:56Z,khianat prabowo a href,
2024-01-08T01:01:18Z,ganjar netral objektif gama yess,
2024-01-08T00:30:15Z,demen anis moga pilih aamiin cerdas ga cari teman diri top mantap is the best sehat tenang yah pembawaanya,
2024-01-07T23:54:01Z,ganjar realistis,
2024-01-07T23:49:56Z,mudahquotallah menang pi prabowo aminn,
2024-01-07T21:04:24Z,menjatuhkn lawan,
2024-01-07T19:38:40Z,preeet wowo cm modal emosi doang,
2024-01-07T21:18:34Z,yaa nilai lu krna lu ngedukung lu bicara gitu krna netral,
2024-01-07T18:57:43Z,paslon no senggol tp liat yg no jelas teknis no emosional,
2024-01-07T18:29:35Z,tni polri hidup sehat sejahtera keluarga republik indonesia,
2024-01-08T01:02:10Z,orang butuh pimpin nanam singkong aja gagal gimana pimpin negara jenderal tukang culik orang pimpin orang otoriter masyarakat jawa barat prabowo istirahat nikmat tua pimpin negara tugas berat prabowo,
2024-01-07T18:47:47Z,bakar jenggot,
2024-01-07T17:53:11Z,allah ga speak up hormat paslon debat kali bener pancing emosi argh udh ngerendahin orang bener bener tipe orang ken jatuh orang sesat ni orang minimbulkan pecah benci negatif banget aura ya allah bacot etika etika wkwk intropeksi ni orang,
2024-01-07T17:51:16Z,amin amin ubah,
2024-01-07T17:42:11Z,gw doang yah ngerasa ganjar jebak utk prabowo tau klo gak jwb prabowo dpn krna rahasia negara amp situ giring opini prabowo transparan amp dgn ganjar simpati masyarakat,
2024-01-07T17:38:06Z,panggung kali milik no konteks on topic sasar no kuasa no praktisi,
2024-01-07T23:52:04Z,sriernawatidi tangan anis anggar dki triliun habis dki banjir macet kumuh,
2024-01-07T17:28:03Z,anies milik pikir global dgn metode urai runut data fakta analisis solutifbismillah amin menangaamiin ya allah,
2024-01-07T17:00:22Z,moga pimpin gabanyak omong doang baik rakyat,
2024-01-07T16:56:48Z,moga amin,
2024-01-07T16:44:32Z,rencana tahan negara rahasiabrterlalu bahaya buka publik,
2024-01-07T16:40:58Z,kualitas mas anis,
2024-01-07T16:31:25Z,anis tau kalo prabowo bahaya nyenggol mulu wkwk,
2024-01-07T16:11:45Z,pimpin yg kuping lebar karna dengar keluh rakyat kuping yg lebar orang bijak tdk cakap rela korban negara perhati fair ri yg cinta,
2024-01-07T16:02:34Z,pimpin yg ngorek borok orang bisa prabowo gibran persiden ri,
2024-01-07T16:01:04Z,dukung nomor,
2024-01-07T15:54:21Z,paslon transfaran paslon serang merndahkan menjlekan mersa keliahatan yg bnar negarawan pikir penting pribadi,
2024-01-07T16:21:51Z,pandai ngomong doang klo gk bukti mas lucu org skrg mo makan janji manis doang ya,
2024-01-07T15:38:03Z,piih prabowo gibran baik bangsa,
2024-01-07T15:46:53Z,mantap pko nya yg dibuli yg lantik amin,
2024-01-07T15:35:35Z,pecat rena culi mikir kir,
2024-01-07T15:25:11Z,iya menhan nanem singkong hutan kalimantan ya bro,
2024-01-07T15:13:13Z,moga ganjar presiden alfatihah,
2024-01-07T15:12:16Z,sehat tuk capres cawapres,
2024-01-07T15:03:52Z,ya cocokx imam mesjid sj,
2024-01-07T15:10:09Z,setujuuuuu pk prabowo baik,
2024-01-07T14:55:54Z,hati hati orang pinter susun kerja alias ngibul brdebat cari sosok yg pinter ngomong yg pinter kerja jadihati hati mikiiirrr brmaaf dapat,
2024-01-21T09:59:31Z,nya si milih anies debat jd prabowo dg luas hati anies nginjek leher org,
2024-01-11T17:39:31Z,butuh visi misi yg mulutquot manis paslon brbrbryg butuh kerja nyata kesingkronan mulut bahasa tubuh tulus juang rakyat nya,
2024-01-11T17:00:36Z,kerenn hrs kompak utk lawan dinasti curang dn ank haram konstitusi,
2024-01-11T09:26:20Z,gak ganjar partai usung nonton debar tarik ganjar,
2024-01-10T01:25:35Z,suka prabowo dg orang blkngnya,
2024-01-09T07:04:14Z,gimana indonesia fresh graduate kerja buka lapang kerja luas utama pengalamanumur,
2024-01-09T05:51:58Z,visi misi gumbar pribadi mu prabowo,
2024-01-09T11:13:56Z,malas nonton debat nonton film thriller serang menang,
2024-01-08T13:01:17Z,tulus ikhlas prabowo pimpin negara inibrsemangat prabowo orang hebat pintar apa kalah orang tulus ikhlas brrakyat pintar nilai pintar omong pilih brtetapi tulus ikhlas bawa pimpin adil bijaksanabrselalu sehat semangat prabowo,
2024-01-09T05:12:24Z,klo gk mw jtoh jgn debat,
2024-01-08T13:08:28Z,tema tahan,
2024-01-08T13:09:41Z,aamiin,
2024-01-08T14:02:25Z,fakta blogg,
2024-01-08T07:20:24Z,kalo jiwa nasional gk kaya,
2024-01-08T05:18:47Z,masyallah tulus hati prabowo,
2024-01-08T04:05:05Z,emang liat unggul belah unggul,
2024-01-08T03:52:55Z,amin gtgtgtgtgtluar mantap,
2024-01-08T06:36:26Z,jgn lupa bantu mk nya kak,
2024-01-08T04:13:21Z,alhamdulillah anis,
2024-01-08T01:11:00Z,anis berani terbukacerdas to the pointbrbukan penting pribadinyabrini calon pemimpinbrberani benarpak anis,
2024-01-08T00:29:33Z,tiga capres prabowo alam urus negara,
2024-01-08T05:28:00Z,doa balik bpk smga cpt sadar klou you ngk pnts jdi presiden jgn trllu mmksa,
2024-01-08T01:13:38Z,prabowo serang pribadi duluan serang,
2024-01-07T22:08:21Z,saing jatuh brprabowo gibran presiden,
2024-01-07T20:51:12Z,rakyat maju negara kepmimpinan adil rakyat butuh ucap manis ucap tiga kalah rakyat ucap jujur hati otak so bijak pilih ubah maju negara capai indonesia emas penting pribadi nafsu,
2024-01-07T23:58:19Z,anis kl suruh ngomong pinter gubenur gimana jakarta,
2024-01-07T19:32:07Z,alhamdulillah no tulus isi nya cinta indonesiayg nya gimik kulit casing nya,
2024-01-07T21:40:46Z,pilih no nama acara debat ya mnjatuhkan sah aja kalo diskusi universitas anis jelek prabowo,
2024-01-07T19:08:14Z,gw salut prabowo serang kanan kiri tetep kalem senggol,
2024-01-07T20:38:41Z,condong prabowo watak pribadi yg emosi data nya transparan takut pimpin yg anti kritik,
2024-01-07T19:21:18Z,hooi brmelek gagal maksa,
2024-01-07T18:15:01Z,roasting lawan jatuh lawan mendapa poin si kerja nyata ajah kaya jokowi ga omong prestasi,
2024-01-07T18:10:53Z,massa allah bpk wowo muka lugu liat banget ihlasnya sabar yaaa bpk menang,
2024-01-07T19:17:41Z,jabar menhan g nnyak nnyak g knp cerai,
2024-01-07T17:45:51Z,pasang amin insya allah menang pilpres,
2024-01-07T17:35:01Z,noviadayaniyg udah kali nyapres,
2024-01-07T17:20:00Z,kualitas calon presiden anis omong narasi karna jam terbang nya pimpin minim,
2024-01-07T17:43:15Z,kerja prabowo,
2024-01-07T17:03:33Z,speechless liat debat capres aminn kredibel,
2024-01-07T17:03:23Z,bismillah ganjar hati kalah menang garis tangan ya,
2024-01-07T17:38:27Z,supiadieodatsrkx prabowo mantan militer juang negara beda kayak kau beban negara,
2024-01-07T17:40:09Z,singkat malam bowo babak bur borok bongkar ya,
2024-01-07T16:58:21Z,amin aniescak imin ri,
2024-01-07T16:52:17Z,senang orang serang personal tdk argumen politis quotmargaret thacherquot setia prabowo,
2024-01-07T16:27:36Z,pa ganjar ttp yg baik,
2024-01-07T19:25:48Z,ganangprsty wowo,
2024-01-07T17:10:33Z,alhamdulillahahirnya dapat jwban yg layak duduk kursi pimpin negara inibukti pakta dlm debat serang kiri kanan tengahtanpa sadar kiri kanan serang bukti unggul kiri kananselamat sukses prabowo gibrankami rakyat dukung no kuattegas sejahtera,
2024-01-07T17:11:18Z,abidgemingmenteri tani nya dr partai oposisi ya bgt hasil nya niat bantu presiden yg dr partai nasdem dukung anies jd penghianat jokowi fakta,
2024-01-07T16:21:45Z,jago ku mas gibran generasi muda terus bangsa utk indonesia emas,
2024-01-07T16:20:13Z,cakep pk anis,
2024-01-07T16:42:22Z,prabowo debat kali ngambang aneh gitu,
2024-01-07T16:35:22Z,keren an ngomongin south china sea blepot ga paham ngomongin asean hadehh nol,
2024-01-07T16:22:51Z,ya bingung balas nya gmn,
2024-01-07T16:15:05Z,prabowo sehat ya brakan orangquot bahagia,
2024-01-07T16:09:34Z,klg bsr,
2024-01-07T16:30:35Z,amin,
2024-01-07T16:58:58Z,bangjametwxzr sabar dikit bang milu kalah menang allah swt maha tau,
2024-01-07T16:04:53Z,cerdas gesit ganjar,
2024-01-07T17:22:22Z,amin,
2024-01-07T16:09:12Z,yes orang bijak hina orang prabowo,
2024-01-07T15:54:25Z,in saa allah no aamiin,
2024-01-07T15:34:56Z,udah sepuh,
2024-01-07T15:32:21Z,amin,
2024-01-07T15:41:43Z,sesuai fakta,
2024-01-07T15:06:30Z,amiin,
2024-01-07T14:59:24Z,abah anis masyaallah sekuha menang,
2024-01-07T14:59:15Z,rasional intelektual,
2024-01-07T15:08:43Z,bambangkusnomo insya allah moga jd ri,
2024-01-07T14:55:51Z,salam jari,
2024-01-07T14:55:39Z,debat kali om wowo emosional yg paliny tonjol cumqn anis,
2024-01-10T12:04:12Z,berkalikali dukung prabowosetelah tayang pilih prabowo kandidat bawa indonesia,
2024-01-10T09:02:25Z,umat umat kristen bawabawa agama ya,
2024-01-11T05:30:24Z,jatuh adu argumental rakyat nilai yg yg salah moga amin menang,
2024-01-09T07:44:37Z,peluk dari prabowo nama sajadah ku brbrnext ri prabowo,
2024-01-09T15:27:46Z,lawak,
2024-01-10T03:21:22Z,pimpin yg butuh gagas tp yg benerquot tulus rakyatbrbanyak gagas bagus tp takut takut laksana,
2024-01-10T03:42:52Z,faktanyabr alutsista bekas publik hak war monitor thanks bahas negara tetangga brbr indonesia alami juta serang siber publik hak akun yg bahas ttg cyber attack brbr milik tanah ratus ribu hektare prajurit tni milik rumah dinas publik hak brthanks akun yg bahas ttg tanah hgu food estate sampe ngebandingin food estate afrika ladang singkong pake bantu satelit banget brbaru tau kalo hektar tara luas jogjakarta brpak prabs revisi yg hektar luas bal x luas singapore luas byk negara seduniabrkarena tanah hgu milik negara trnyata tani juang hak kelola byk tanah bahas jokowi anis dlm debat capres emang byk rakyat yg gk tau brbr istri nama personalbrbrbisa beda personal bukanbrbr oiya data yg ganjar data rahasia negara byk media koran akun yg udah dapet data prabs gak aja sih gin salah paham brbrfull nang brintinya debat capres bgt adu data seru debat supporter krn argumentasi bawa data serta sumbernyabrbremang klo ngomonhbrsubjek predikat objek daftar pustaka,
2024-01-08T15:19:08Z,aniss lebihhh hindar zona nyaman gentle,
2024-01-08T09:23:25Z,simple aja hidup sejahteramerasa pilih no aja hidup sulitsemakin merosot pilih no aja,
2024-01-08T08:22:58Z,wajar prabowo tema malam bidang prabowo,
2024-01-08T05:56:41Z,sayang bicara ttg tahan aman capres yg angkat isu opm papua yg ancam aman rakyat daulat nkri yg timur luput perhati,
2024-01-08T05:42:48Z,salam ubah indonesia yg pebih,
2024-01-08T08:29:03Z,jiwa nasional coba food estate kroni,
2024-01-08T04:06:48Z,ganjar no go presiden nkri,
2024-01-08T02:54:40Z,ganjar mahfud takjub,
2024-01-08T02:08:15Z,moga p prabowo rangkul p anis p ganjar utk kolaborasi team work maju indonesia,
2024-01-08T01:45:37Z,ganjar emang kerenpaling santai,
2024-01-08T01:32:31Z,cerdas lugas amanah alam bukti track record prestasi tdk baperan buka utama sdm manusia manusia siaapa moga ri berkah presiden baik aamiin yaa robbal alamiiin,
2024-01-08T02:47:12Z,kk gusdur doa mbah maimun,
2024-01-08T03:01:01Z,tp udh d kpk cma prabowo sm gibran yg ga prnh masuk kpk userjfqfsnq,
2024-01-08T03:05:11Z,quotsaya ga butuh jabat aniesquotbrterus,
2024-01-08T00:49:23Z,debat malam kayak tema evaluasi kerja tri tahan wkwkwk,
2024-01-08T00:13:27Z,all in wowooooo anak mudaa,
2024-01-08T02:44:19Z,dar tata bahasa brtapi data lemah menhan prabowo yg ganjar yg prabowo tdk,
2024-01-08T02:48:49Z,terimakasih prabowo pancing buka rahasia tahan negara jabat korban negara,
2024-01-08T01:52:02Z,singkong,
2024-01-08T01:53:19Z,userjfqfsnq contoh sdm baik mah udh konslet otak,
2024-01-08T00:03:41Z,tema debat emang bidang beliau,
2024-01-07T23:18:07Z,tetep ganjar pranowo,
2024-01-07T22:48:42Z,capres no urut figur pimpin negara konsep matang ukur bangun indonesia brbrsosok smart sejuk tenang bijaksana mindset global skala nasional internasional,
2024-01-07T22:31:02Z,bismillah hati rakyat ganjarpranowo mahfud md,
2024-01-07T21:24:51Z,baca tema debat jelasjelas tema debat tahan prabowo jabat menhan ya kulit kerja prabowo sesuai tema debat aneh duku korban rujak kanan kiri semangat capresnya tujuanya bangun bangsa negara cinta indonesia,
2024-01-07T20:37:18Z,bismillah moga yg pilih quot pimpin yg beril imam yg kuat amin ya roob,
2024-01-07T22:47:44Z,buset debat capres mana aja brbranies unggul debat etika hati dllbrbrskarang gilir serang panas anies gapunya hatibrbranies tau masalah indonesia,
2024-01-07T19:57:23Z,orangorang ky gitu tuh muka omdo,
2024-01-07T18:50:08Z,doa baik indonesiasemoga pimpin pilih pimpin yg amanah jujur adildan bawa negara indonesia bersih korupsi yg menggroti ekonomi indonesia,
2024-01-07T18:46:13Z,prabowo bilang dapat mulu capres lainkelihatan bingung,
2024-01-07T18:37:29Z,indonesia butuh ubah ubah adil makmur sejahtera rakyat amin,
2024-01-07T18:22:19Z,cerdas respect arah anis the best,
2024-01-07T18:56:47Z,serang tema debat tahan wajar paslon beliau yg tri,
2024-01-07T19:20:34Z,sasar tembak ganjar lembut nyerangnya yg benerquot sakit hati ya anies,
2024-01-07T18:09:55Z,satu pilih nomor insha allah menang aamiin,
2024-01-07T18:07:45Z,hidup turut sederhana aja sayang calon presiden karna proses gampang semangat calon moga sehat lancar h amiiin,
2024-01-07T18:35:14Z,yg bilang anies real semuabrbrdimana jatuh cobabrbrkalau komentar pakai akal sehat cuap,
2024-01-07T17:44:16Z,indonesia ubah amin,
2024-01-07T19:33:19Z,bang islam orang ambisi pimpin jgn pilih,
2024-01-07T17:34:05Z,ok lahhklo bahaya coba jatuh yg kuasa,
2024-01-07T17:22:17Z,prabowo bukti jiwa besarterbukti kalah jokowi penting bangsa negara beliau bantu presiden jokowi menhan,
2024-01-07T17:23:53Z,materi tema debat tahan prabowo menteri cecar ya ya wajarbrbribarat ngomongin makan ya si koki wajar ditanyasoal masakan,
2024-01-07T17:11:28Z,sitiap ganjar dapat ketawa yaa,
2024-01-07T17:29:54Z,g tau judul debat dukung g sekolah mas klo gitu mah,
2024-01-07T17:24:32Z,orang hina jatuh muncul menang hehehheh,
2024-01-07T16:31:26Z,aniss kerennn wowo emosiiiganjar diam,
2024-01-07T16:35:01Z,,
2024-01-07T16:25:20Z,bismillah insya allah prabowo rakyat indonesia emas,
2024-01-07T17:05:09Z,pinter dongeng doang kerja,
2024-01-07T17:05:10Z,trus ga sesuai yg janji gue harap lu penjarain ya lu kutuk lu kebodohanlu,
2024-01-07T16:53:31Z,bozz tema debat bkn mslh tani tp tahan keamanangeopolitik global,
2024-01-07T16:21:01Z,anies baswedan,
2024-01-07T16:41:59Z,byk yng gak nyambung wkk,
2024-01-07T16:08:00Z,debat udah yg kejar jabat ygsangat ambisi nafsu jatuh lawan yg jatuh apaadanya jatuh lawan situ udah massa pinter pilih,
2024-01-07T16:05:31Z,anisss baswedan,
2024-01-07T16:43:20Z,amin,
2024-01-07T15:52:12Z,aamiinnnn,
2024-01-07T16:03:21Z,bicara doang tp jalan tugas perna menteri tdk mampuh ganti,
2024-01-07T15:44:36Z,prabowogibran all in,
2024-01-07T16:23:13Z,bang banyak asumsi manis isi nya bual aja presiden butuh kerja pandai berbahasabrkebanyakan orang lapang sulit susun karna beda dama tukang syair,
2024-01-07T18:01:44Z,amin,
2024-01-07T15:31:27Z,habis debat paslon terima teman wartawan dngn santuy kecuali si wowo yg gak msh calon sdh arogan,
2024-01-07T15:35:21Z,sorry yemana orang hlang tu kembali,
2024-01-07T15:21:46Z,simak hasil debat alam harga banding rangkai yg penting ego pribadi penting politik penting rakyatjsdi prabowo yh pin dasar alam,
2024-01-07T15:20:35Z,debat ko ajak ngopi yg nya suruh cari goglesamaquot dagel nomor salam damai gama,
2024-01-07T15:29:20Z,makna yg,
2024-01-07T15:22:22Z,no baik,
2024-01-07T15:13:52Z,ninis teori dn pinter omg doang bukti jnji manis,
2024-01-07T15:13:04Z,pa wowo gemoy putar,
2024-01-07T15:10:02Z,tri tahan pintar tri,
2024-01-07T15:03:42Z,amp mantap,
2024-01-07T15:00:05Z,sedih liat wowo d pojokin,
2024-01-07T15:33:17Z,nyari salah salahklau ken serang jgn tinggal jejak buruk pimpin,
2024-01-07T14:57:52Z,,
2024-01-07T14:57:29Z,ganjar yg baik yg pilih presiden preman cerdas bangsakupakai hati nurani,
2024-01-07T14:55:56Z,nmer mati kutu anis baswedan baik,
2024-02-04T19:26:18Z,alhamdulillahbrsemoga wujud presiden jujur cerdas amanah berani indonesiabraamiin,
2024-01-19T12:58:38Z,semangat anies salam kalimantan barat,
2024-01-11T12:05:23Z,moga prabowo bawa indonesia semangkin aman merdeka maju bawa rakyat hidup damai amiin,
2024-01-11T05:35:55Z,kalong kota batik dukung penuh bpk prabowo,
2024-01-11T16:22:38Z,ngaco lihat watak prabowo belakang debat,
2024-01-10T16:54:59Z,pilih aja gak memilihgak ribut jgn pilih ya akal hati jgn nakal emosi damai negeri,
2024-01-10T12:12:54Z,ku milih yg pojok liat iniberbobot sekli prabowo subianto semangat,
2024-01-10T21:39:04Z,tema debatny tahan calon menteri tahan wkwk jd jngn baper jd kalo pa anis ataw pa ganjar menteri tahan mgkn habis rujak pk bowo mlh lbh pedes wkwk kalo debat ya adu argumen cengeng,
2024-01-09T15:01:27Z,dunia sepak bola jg komentator jago main main ngosan usaha maksimal anggap bodoh komentator paslon dengar prajurit jalan hidup prajurit nkri,
2024-01-10T10:17:05Z,jelasss manaaa jelassss gaada jawab hedeh,
2024-01-09T11:09:41Z,prabowo nyerang angin b aja tuh wkwk,
2024-01-09T05:53:12Z,kwkwkwk manusia gak ngerti debat,
2024-01-09T10:00:08Z,sy dukung prabowo,
2024-01-09T11:30:48Z,no,
2024-01-08T19:21:24Z,ribut cebong kampret tiap debat paslon presiden nya iklas santai jokowi hak periode ajar mana jokowi kejut pilih prabowo tri tahan kali liat mana prabowo balas baik jokowi sanding putra gibran wakil presiden sayang debat bangga visi misi debat muak arogansiambisi emosi brsaya doa paslon sehat kelak pimpin nkri milik harap yg sejahtera,
2024-01-08T16:05:33Z,sedehana ucap hebat tindak tindak ilmu ahhahahaha all in nomor anis baswedan indonesia butuh pimpin cerdas,
2024-01-08T15:12:53Z,bangga jdi dukung pa anis berani yg salah yg salah lawan tan yg tri tahan,
2024-01-08T13:17:35Z,fix prabowo,
2024-01-08T14:58:33Z,anes mah pintar nata doangurus jkt aja kagak becus,
2024-01-08T11:01:59Z,contoh teladan paslon nama konsep tahan kemanananhubungan sederhana tunjuk debat serang kritik gak paham konsep debat,
2024-01-08T09:11:39Z,alhamdulillah terimakasih anis debat moga anis pimpin baik bangsa indonesia aamiin,
2024-01-08T06:33:15Z,dukung prabowo kesan serang paslon topik inti tahan otomatis arah debat menhanyg miris argumen probowo yg tempramen tanggap paslon brseharusnya sempat prabowo kuasa debat ranah beliau,
2024-01-08T04:14:33Z,pasang capres amp cawapres ganjarmahfud cocok nkri,
2024-01-08T04:02:57Z,dar informasi informasi publik tahan aman negara informasi publik yg kecuali konsumsi publik dasar pasal uu no ttg buka informasi publik,
2024-01-08T02:58:38Z,baik ganjar pranowo presiden,
2024-01-08T02:07:07Z,i love,
2024-01-08T00:51:28Z,mgknya tonton full,
2024-01-08T01:17:07Z,capboomrangesuda tonton full,
2024-01-08T02:14:45Z,hahaha biar ngga nontn debat tetp prabowo gibran,
2024-01-08T00:13:09Z,ganjar solusi yg realistis efisien yg teoritis yg keteter bela,
2024-01-08T02:50:12Z,bilang gabung kabinet bisnis jalan,
2024-01-08T02:58:34Z,indonesia butuh pimpin yg akal cerdas etika dn kerjaskrg sy tnya prestasi yg prabowo yacoba sebut,
2024-01-08T02:10:44Z,puji ya debat nama,
2024-01-07T23:48:22Z,si anis aja buka udah ngusik prabowo aja visi misi program kerja nya mah jatuhin prabowo,
2024-01-07T20:07:15Z,anies yg gagas baik utk ubah negeri,
2024-01-07T20:03:37Z,attitude nya prabowo cermin pimpin bangsa,
2024-01-07T19:47:25Z,moga nnti curang bismillah,
2024-01-07T19:21:35Z,anis luas wawas lugas tegasmoga pilih presiden indonesia kali amiin,
2024-01-07T20:05:40Z,anis hbatnya teori laksana nya nolll bukti jakarta brganjar kaya tdk data valid,
2024-01-07T21:57:18Z,amin moga prabowo persidnku,
2024-01-07T20:11:57Z,krna yg yg sudut brla yg krja menhan thn ya tp hasil food estate rongsok,
2024-01-07T18:52:19Z,gak beli alutsista bekas layak pakai sesuai butuh negara brklo alutsista butuh th operasi bekas tp operasi klo stabilitar aman skrg yg tegang butuh alutsista cepat jaga daulat negara indonesia,
2024-01-07T18:10:51Z,anis forum global ruang bicara menit situ seni komplek gagas ide lugas tegasbrpemimpin contoh pimpin etika moga sehat aamiin ya rabbalalamiin,
2024-01-07T18:21:07Z,prabowo emosi cil,
2024-01-07T18:35:25Z,nama debat ya serang bre calon tahana,
2024-01-07T17:59:15Z,dukung prabowo serang kompak anis ganjar,
2024-01-07T17:55:07Z,prabowodan yg muda yg karya,
2024-01-07T17:53:19Z,ganjar pdi pilih beliau ngerasa ganjar realistis,
2024-01-07T18:11:47Z,denmaseharyanto to mas yg berani utk ubah jelasss bangettt brooo,
2024-01-07T17:30:52Z,gila yaa no buka ja udah nyerang no kliatan ambisi benci bngt sma no gw ambisi no kaga bkalan menang,
2024-01-07T20:09:45Z,amin menang curang ya,
2024-01-07T17:25:36Z,prabowo yg pikir rakyat bukann penting pribadi ikhlas amptulus juang prabowo sllu dukung,
2024-01-07T17:24:23Z,omong gusdur orng ikhlas rakyat ya prabowo udah gtu aja,
2024-01-07T17:36:02Z,bicara data nya,
2024-01-07T17:09:13Z,anies solusi masalah alami negri masuk akal moga wujud,
2024-01-07T17:25:11Z,males ah tempramental calon presiden anti kritik,
2024-01-07T17:25:25Z,jatuh gibran sanjung dasar,
2024-01-07T16:52:41Z,tampil ganjar yakin,
2024-01-07T16:44:48Z,amin,
2024-01-07T16:44:09Z,salam ubah,
2024-01-07T16:34:58Z,rakyat indonesia yg pandai tata tdk terllu yg tulus bangsa sya keluarga fix pilih prabowo gibran,
2024-01-07T16:27:45Z,amin menang putar,
2024-01-07T19:28:58Z,ya krn yg skrang jabat tinggi tahan debat inti koreksi hasil arah yg klo koreksi padat ya tinggal bilang lemah krn krn tri tri anak buah putus utama tang presiden pilih presiden rombak baik tahan negri kerjasama militer dunia brnah gitu aja yg jatuh cinta prabowo,
2024-01-07T16:21:42Z,paslon yg jelekquotan mga ttp sabar y ttp smngaatttt negri,
2024-01-07T17:28:31Z,sindir wkwkkwkbrketahuan nyerang trus pake emosi kocak buzzer gemoy,
2024-01-07T17:31:00Z,babak bur pokoknyaditanya jawab apaora mudeng,
2024-01-07T16:05:08Z,amin top markotop best of the best,
2024-01-07T16:11:50Z,ga butuh gagas bos butuh kerja nyata anis ga kerja nya nol kaya janji dp nol persen sumur resap yg ga nya,
2024-01-07T16:31:34Z,,
2024-01-07T15:58:09Z,prabowo,
2024-01-07T15:55:38Z,pilin paslon sukak menghosip adu domba negeri kelak pimpin pimpin yg sakit hati,
2024-01-07T17:52:46Z,prabowo presiden amin,
2024-01-07T15:56:55Z,bosan narasi,
2024-01-07T16:10:15Z,kau yg susah nasehat laeparasiansirait,
2024-01-07T15:52:05Z,tuju pimpin bijak,
2024-01-07T16:15:56Z,serang emang ranah tri tahan jd wajar tanya sono slowlah ga marah aja sesuai mampu ngga baper,
2024-01-07T15:46:31Z,pimpin yg dengki,
2024-01-07T15:35:51Z,syg masa dah sy yg lbh muda energik pimpin,
2024-01-07T15:24:04Z,amin ri,
2024-01-07T15:41:40Z,banteng tau lemah perintah jokowi sejarah jokowi tugas partai banteng,
2024-01-07T15:48:32Z,ya ganjar pranowo pilih baik amanah bijaksana adil jujur tanggung indonesia unggul merdeka,
2024-01-07T15:18:31Z,rakyat yg akal berfikir pilih jgn yg noda milu tdk malu dukung nya tdk berfikir jernih utk dukung pimpin,
2024-01-07T15:16:31Z,yg salam ko no sihh no ngga,
2024-01-07T15:11:57Z,paslon sungguh tdk paham tahan rakyat sdh paham gak mudah dgn manis,
2024-01-07T15:14:21Z,sory yeeehh,
2024-01-07T15:06:42Z,rakyat tdk butuh presiden yg pinter ngomong n beretorikaapalagi pinter kritikyg butuh sinambung tulus,
2024-01-07T15:03:27Z,amin,
2024-01-07T15:26:58Z,tamapetualanginsyallah mimpi nyata lo,
2024-01-07T14:58:25Z,kalo ngomong teori gak ragu no,
2024-01-07T14:58:07Z,aamiin allahuma amin,
2024-01-07T15:03:02Z,tugas partai pedei ganjar tugas partai nasdem anis ketua partai prabowo situ udah belakang jg ketua fpi anis ketua pedei mega ganjar ketua ulmaa aswaja habib lutfi prabowo,
2024-01-07T15:14:36Z,bambangkusnomo amin menang moga rohigya warga aceh amin,
2024-01-07T14:56:20Z,anis sombong presiden emang pantes x yah sombong maslahat rayat indonesia emang yg presiden juang rakyat indonesia yg dukung mu amin amin amin moga allah swt meridhoinya,
2024-01-07T14:55:55Z,no menang,
2024-01-17T21:51:08Z,salam dr mlaysiaaku debat pilpres kali krn lihat ubah yg akn laku indonesia krn saudara nusantarasemoga tuhan bantu indonesia utk negara yg aman damai maju kedepannyadlm debat lihat anies baswedan soal dgn intelektual yg baiksemoga saudara rakyat indonesia nnti milu buat pilih dgn bijak akal yg terbukaaku percaya rkyat indonesia pintar,
2024-01-15T09:18:28Z,salam anak kalimantan borneo kalsel kateng kalbar kaltar dukung penuh nomer prabowo gibran pimpin indonesia,
2024-01-13T16:35:28Z,harap rakyat indonesia tiga calon presiden ri calon wakil presiden ri rukun sahabat rakyat pilih pilih segi kerja tanggung bijaksana,
2024-01-12T18:11:47Z,capres no sosok yg terjemah jalan indonesia apik erti baik bangsa depan,
2024-01-11T13:46:27Z,pro anies baswedan orang jawa barat pas lihat debat ko gimana gitu dengar omong beliau jatuh lawan jabatanpokonya pindah haluan prabowo gibranbapak gemoy presidenya,
2024-01-11T06:26:33Z,bismillah p prabowo ajar gagal x moga pedoman ajar presiden jokowi yg bicara kerja nyata moga harap bangsa masyarakat jadi indonesia maju aman duli kaum duli lapang kerja ank bangsa yg aamiin yrb,
2024-01-10T23:36:52Z,amp org sombongjatuhkan rendahkantapi tuhan angkat prabowo presiden mas gibran org yg tulustegas,
2024-01-10T21:21:13Z,inti ajar gubernur air tanah laut yg pecat yg nilai,
2024-01-10T18:09:06Z,negara bnyak org pinter tp org cerdas jujur,
2024-01-10T17:37:52Z,bngung pilih tp dr debat sy jd mantap pilih no ilfil deh sm roastingan paslon amp td paslon blg tengah adem paslon amp ealah tnyata aja ujung ikut ngeroasting bareng paslon,
2024-01-10T08:17:42Z,fix paslon serang kerja paslon brbrallahuakbar prabowo doa bapa dlm lindung allah swtbraamiinn,
2024-01-10T05:22:19Z,nilai capres hadap serang cerdas emosi senyumsenyum rakyat indonesia cerdas pilih pimpin baik moga allah karunia pimpin iman cerdas adil amanah jujur aamiin,
2024-01-09T15:48:17Z,keluarga sy disulawesi coblos prabowo gibran,
2024-01-09T15:03:48Z,butuh lindung perubahanbravo prabowo,
2024-01-09T14:50:09Z,ya alloh aq pilih salahtetep no,
2024-01-09T13:27:13Z,debat clue etika wkwk,
2024-01-09T12:24:40Z,anis ubah bole beliau sampai kurang orang saran,
2024-01-10T14:40:38Z,amin yaa allahbrsemoga menang amin,
2024-01-09T08:09:35Z,prabowo anis yg pilih pdipbrtp liat anis yg kayak gak tau sudut prabowo dgn data yg omonbrjadi all in prabowo,
2024-01-09T06:15:21Z,org yg sibuk mncari kslhan org sungguh adl org yg mnunjuk an kkurangan nya cermin br,
2024-01-09T11:22:35Z,tinggal jelasin aja ribet pake ngajak ngopi wkwk forum dabat bantah bantah,
2024-01-09T08:04:53Z,mulia kentut kemarin jago banget ngebully angin brskrg pukul kritis anis nang,
2024-01-09T11:57:59Z,ga anies,
2024-01-08T19:18:32Z,respect prabowobrsehat bpk brbrbismillahbrno,
2024-01-08T18:40:09Z,terimakasih prabowo hebat mantap,
2024-01-08T18:34:32Z,asli lihat seksama tenang pa prabowo berat pikir serang pribadisemoga sehatsehat,
2024-01-08T16:35:51Z,perhahtian aniss sejahtera tentara,
2024-01-08T15:52:07Z,all in prabowo subianto,
2024-01-08T15:08:02Z,simbol lawan adh dibrpa anis tdk salah bawa agenda ubah,
2024-01-08T13:29:41Z,lihat tulus ikhlas hjprabowo subianto berkalikali serang aum nama rakyat indonesia usaha jatuh bpkprabowo banding sungguh hati mu moga umur pimpin,
2024-01-09T05:54:37Z,jawa timur gak dukung tuh lu aja kali wkkwkw,
2024-01-08T19:45:26Z,enek no manusia munafik saking ken presiden nya laku serang paslon,
2024-01-09T01:24:55Z,salah nilai menhan,
2024-01-08T11:52:07Z,ganjar alam wawas kali,
2024-01-08T11:20:43Z,debat calon residen pilih no geli orng suka jatuhin orang,
2024-01-08T16:56:36Z,karna buruk korek keburu orang tuk tutup keburukanserta tidak bisa gagal pimpin,
2024-01-08T10:54:51Z,gw misi visi ganjar anis sesuai yg bicara gw org jateng bnyak miskin blm tuntas selesai misi visi nya anis hnya teori mulut wibawa hadap negara internasional,
2024-01-08T10:33:55Z,salut prabowowalaupun sudut tpi santai emosi,
2024-01-08T09:54:56Z,ganjar tenang lancar emosi kendali mudah paham,
2024-01-08T11:31:24Z,wakil pas,
2024-01-08T16:59:21Z,kalo curang ya menang udah coba jalan lurus eh kalah yg pakai akal bulusya masuk kolam biar menang wowo wowo serius nyapres umur hidup,
2024-01-09T04:13:33Z,tuju bngt gak bangun emage inget kta gusdur orng tulus negara ya prabowo,
2024-01-08T05:35:55Z,prabowo paslon paslon penting negara masyarakat paslon aju arah sudut singgung pribadi paslon main aman,
2024-01-08T05:11:41Z,inimah buka sindir yg keras mojokin terangquot an,
2024-01-08T05:10:11Z,prabowo sibuk ngurusin negara yg sibuk ngurusin prabowo,
2024-01-09T00:40:45Z,yg jatuh model kek gtu pilpres kalah,
2024-01-09T03:39:02Z,krn tipe emosional banget,
2024-01-09T04:54:09Z,ngeri yakayaknya marah marah terusliat pk ganjar pk anis liat dengar adem emosi,
2024-01-08T05:06:12Z,istanamassagetau food estate pesawat bekas klo beli percuna mahal beli alusista ujung latih jalan pikir prabowo beli yg harga nya mahal yg milik tinggal upgrade negwri,
2024-01-08T03:25:42Z,amin masyaallah the best,
2024-01-08T05:23:17Z,jatuh fakta,
2024-01-08T02:58:39Z,butuh maju perobahankarna maju berobah ubah maju,
2024-01-08T04:46:01Z,bodo dg dukung jokowi,
2024-01-08T02:24:31Z,all in amin,
2024-01-08T03:39:55Z,bnr,
2024-01-08T04:10:50Z,gpp kak ga bsa pake hehe,
2024-01-08T01:29:49Z,mantap anies yg janji utk tingkat sejahtera tnipolri,
2024-01-08T01:57:45Z,korupsi food estate gimana bang,
2024-01-08T01:15:59Z,knp anies ko memojokkanseolah bner beda ganjar,
2024-01-08T00:46:17Z,debat laksana milu jadwal salur tv indonesia,
2024-01-08T00:14:50Z,gw nonton pagi usaha netral biar nilai bersih lihat hasil nya,
2024-01-08T07:34:57Z,emeng gak becus blng aja nggak becus,
2024-01-07T23:30:02Z,semangat gemoyyy,
2024-01-08T01:27:10Z,haha omon gak tanding bs nyinyir emosi,
2024-01-07T22:14:44Z,nama jg debat ya kritik lawan yg data nggak kritik nama pidato,
2024-01-07T20:41:10Z,lucu bat dah gara mas gibran kmrn debat cawapres bawa sgie yg bikin mahfud cak imin linglung skrg kalo pake singkat dijelasin wkwk,
2024-01-08T00:01:14Z,harap pikir positif calon luar perintah kritik anggap jatuh unsur luar perintah kontrol kerja perintah bangun pihak rakyat indonesia untung gelintir orang,
2024-01-07T20:02:50Z,debat gua tonton gagas anies baswedan bicara enak dengar pd capres yg,
2024-01-07T19:40:50Z,sy salut dngn jelas pk ganjar sngt masuk akal dlm kontek tahan laut smoga menng pk gama,
2024-01-07T19:39:19Z,anies taun gubernur jakarta aja janji nya ga yg tepat dp rumah omong kosong proyek resap yg gagal total yg untung jabat doang proyek replika peti mati yg rusak pandang kota jakarta guna buat patung sepatu yg bingung guna patung anyam bambu yg tahan guna sekalibrdan ga masuk akal kali sentiong yg tutup jaring hitam yg hilang bau kali semuaa tel biaya anggar nya siasia gagal totalbrsaya warga jakarta pilih anis presiden pilih gubernur jakarta sangaat sali putus sayaitubrtolong warga indonesia stooopbrjangan percaya omong manis gagas yg bicara bekerjabrsemua gagas yg beliau kampanye cagub jakarta yg berjalanbringet podcast dedy corbuzier wakilcawapres si anies amien bicara semuaaa janji yg butuh kampanye pilih capres no brti salah orang dukung mundur ekonomi indonesia,
2024-01-07T21:51:15Z,pancikuhilanglhkhomdong ajar ide gagas maju nyapres biar nyata,
2024-01-07T19:19:45Z,point debat malam inibrsesi br tonjok br tangkis br tampol tipis brsesi br tonjok parah nonjoknyabr aliansi br cepu brsesi br tonjok br coba nonjok dapet tameng br aliansi tonjokin br brbrseru banget debat kali dah,
2024-01-07T21:54:40Z,tolong buka mata baik mna calon,
2024-01-07T19:08:40Z,bangga banget abah,
2024-01-07T19:03:01Z,nomor hatibramin,
2024-01-07T18:37:52Z,salut pd prabowo walo sempet pancing serang prabowo paham yg serang ttg militer n tahan,
2024-01-08T00:56:09Z,semalem wowo ga apa nya ngeles doang ga isi nya kata,
2024-01-07T18:12:19Z,menyadarii bersih keras presidenn jatuh orang lainnn bicara pegang gubernur presidenn brindonesia butuh orang tulus bukti prabowo gibran dukung b,
2024-01-07T18:11:29Z,alhamdulillah capres kualitas kuantitas integritas debat isi ilmu data fakta sensi amin,
2024-01-07T18:56:50Z,prabowo cocok menhan era anis,
2024-01-07T18:23:38Z,no depan nengbrbryg ktinggalan,
2024-01-07T17:50:30Z,tema yg sudut paslon tau beban yg pikul calon tsb ambil bijak,
2024-01-07T17:48:13Z,brlanjutkan,
2024-01-07T19:19:54Z,loe nonton biar gk gagal paham iklas prabowo serang anis,
2024-01-07T17:44:03Z,apa apa keputusanya abah keluarga pilih salam,
2024-01-07T18:49:44Z,hati emosi suka sela orang orang sela bicara,
2024-01-07T18:10:37Z,denmaseharyantoprabowo terus perubahanganjar memperbaikianies ubah,
2024-01-07T17:34:04Z,sumpah anis keren,
2024-01-07T17:33:58Z,tni sejahtera negara indonesia kuat amiin,
2024-01-07T17:33:06Z,angkat topi beliau beliau jaga rahasia tahan negara slalu desak detailhormat prabowo,
2024-01-07T17:31:23Z,pilih prabowo gibran sudut paslon,
2024-01-07T17:30:02Z,moga allah swt salah pimpin amanah,
2024-01-07T17:24:24Z,gk musuh beda dapat pilih inti yg pilih rakyat teman bangsa tanah air indonesia doain moga emban amanah lapis masyarakat amp rakyat indonesia beda pilih tpi jadi beda satu sobat rakyat hak pilih tpi beda pilih nkri harga mati ya sobatteman,
2024-01-07T17:14:33Z,moga yg trpilih bagus kerja bkn bagus bicara ajasmoga bwa indo maju makmur sejahtera,
2024-01-07T17:03:46Z,quotsiapapun pilih pilih hati nurani nalar tekan serang fajarquot brbrbrsoalnya jakarta udah dapet seramgan fajar tanda tangan kontrak pilih gantung hati nurani,
2024-01-07T19:13:40Z,sabar,
2024-01-07T16:59:49Z,salah lagiamininsyaallah,
2024-01-07T17:26:58Z,jatuh debat nama ya lugas kyk bilang data kl salah ya silah bantah datafakta jugabrkalo ngga kredibilitas brbrmbaknya liat debat ngga,
2024-01-07T17:07:38Z,pemimin maksud sampean admin amin yarabbal alamin admin slot judi,
2024-01-07T16:34:06Z,gaya ganjar amp mahfud hibur lucu,
2024-01-07T16:44:21Z,kasihan sdm rendah,
2024-01-07T16:27:28Z,bismillah no menang putaranamiiinnn,
2024-01-07T16:24:36Z,indonesia ubah butuh sempurna lanjut bangun sejahtera susun pimpin presiden,
2024-01-07T17:15:07Z,prabowo gibran,
2024-01-07T16:54:26Z,dipikirin pas kampanye doang,
2024-01-07T16:54:29Z,mesti yg pikir tani ya menteri tani menteri pinter ya pimpin ngurusin yg,
2024-01-07T16:22:01Z,session gemoy cari dukung ganggan session bantai jelas ga konsen ajar sabar gemoy liat amp seru temu final silah pilih yg baik negara cinta krn pikir amp modern bawa indonesia modern depan aamiin,
2024-01-07T16:18:27Z,anis nya berani,
2024-01-07T16:17:49Z,smoga anin juara brinsya alloh,
2024-01-07T16:25:47Z,tp esmosi,
2024-01-07T16:20:18Z,buzzerr yg tulus,
2024-01-07T16:13:50Z,dri purwodadi jawa dukung prabowo gibrannnnn,
2024-01-07T16:04:02Z,hadiriiin haraap tenaaaangnomor menaaaaang,
2024-01-07T16:01:22Z,anis suka banget janji pintar cerdas indonesia butuh pimpin yg jago janji kepintara jgn salah yah persiden kasih nilai anis trmksh,
2024-01-07T18:25:33Z,presiden indonesia orang jawakita haluharus aku nama akhir hurup o,
2024-01-07T15:54:25Z,no sok pinterso suciso bersihinginnya jatuh,
2024-01-07T15:53:22Z,teori raport bagus mata orag tau gurusedangkan orang yg santai diam diam milik misi semangat ambisius yg ketahuibrtak pandai menyanggahjadilah cerdas pilih orang milik hak pilih kedepanjadi hati pilih hati dr bicara bekerjabrberbicara contek lancar cerdas rancang visi misi negara brmari doa moga pempimpin moga laku adil rakyat negara indonesia,
2024-01-07T15:49:02Z,kasi capres cawapres no sudut,
2024-01-07T16:02:36Z,debat debat skarang abah anies sampai tenang gagas,
2024-01-07T15:54:29Z,mk kangkang negara rusak pimpin pimpin yg moral yg,
2024-01-07T16:17:52Z,muka tukang judge bgt muka devilnnya mo pilih mas aneh,
2024-01-07T15:58:57Z,hawa nafsu dr jaman sm mega hatta rajasa sandiaga smpe samsul kliatan yg quotberambisiquot,
2024-01-07T16:21:31Z,samosirakal sehat tau warga jkt puas anies,
2024-01-07T15:52:22Z,sy dukung prabowo sbgi capres utk yg pilih hrs yg berkwalitas nomor,
2024-01-07T15:36:03Z,genap pilih yg genap,
2024-01-07T15:27:42Z,amin aja,
2024-01-07T15:37:43Z,nyalon umur oke dah pilih x skrng mbok legowo lho yg muda pimpin negara lho,
2024-01-07T15:33:33Z,insyaallah menang pg,
2024-01-07T15:34:15Z,amin,
2024-01-07T15:24:46Z,salam prabowo gibran,
2024-01-07T15:50:58Z,,
2024-01-07T15:22:27Z,pilih calon pimpin yg modal omon doang,
2024-01-07T15:35:39Z,ambisi ya orang tuding,
2024-01-07T15:16:26Z,jatim hadir no,
2024-01-07T15:14:15Z,kandidat yg nyerang tampil gagas ide,
2024-01-07T15:10:36Z,no,
2024-01-07T15:08:24Z,nya bagus jawab visioner no,
2024-01-07T15:05:35Z,bravo prabowo prasden ri,
2024-01-07T14:48:48Z,,
2024-01-22T17:31:37Z,quothati tulus pimpin negri prabowoquot almarhum gusdur,
2024-01-20T03:50:46Z,pimpin cerdas nilai kosa nya tata bahasa aja bijak pikir nya x cerdas keluarga dukung anies baswedan all in anies putar aamiin yarabbalalamin,
2024-01-14T14:38:55Z,sadar gak sih paslon ngucapin bismillah prabowo salute kemarin bimbang pilih insyallah mantap pilih prabowo,
2024-01-13T16:44:10Z,ikut setia bpk prabowo subianto dri bpk prabowo coba calon jd presiden pilih pindah yg karna sya ykin bpa orang yg jujur orang ap,
2024-01-12T15:46:39Z,nomor urut yeslnjut masyarakat makmuradil rata dlm hidup ekonomiindonesia kaya,
2024-01-11T16:52:20Z,jendral wajib pintar ngomongyg penting atur strategi,
2024-01-11T14:24:40Z,kemarin pilih balik hati debat hati respek prabowo tahan tulus yg suka,
2024-01-12T16:18:04Z,tingkat ajar ya cari tau pimpin negara maju kasih argumen yg sekolah kau,
2024-01-11T04:36:06Z,bismillahirrahmanirrahim prabowo,
2024-01-10T18:42:56Z,sedih debat kek julidnya lebih netijen lambe turah sudahlahbrsemoga tuhan jalan baik negeri,
2024-01-10T18:09:43Z,butuh presiden yg pandai butuh presiden yg pandai bicara,
2024-01-10T18:07:44Z,madura pamekasan prabowo gibran salam putar pagagan pademau pamekasan,
2024-01-10T12:47:50Z,sehat prabowo orang sabar langsung bantu kuasa allah swt,
2024-01-10T08:22:30Z,tunggu esok maju indonesia kuat,
2024-01-09T18:06:19Z,pokok mantap keluarga kakek nenek mamak mertu mamak mertua keluarga dukung prabowo,
2024-01-09T16:27:23Z,orang indonesia berfikir baikk yg presiden yg presiden moga prabowo presiden,
2024-01-09T16:24:15Z,terimakasih prabowo jaga tahan indonesia br apresiasi ting tni polri yg gugur jalan tugas jaga tahan negara engkau pahlawan yg pintar bicara dampak yg negara,
2024-01-10T08:15:40Z,tetep all in prabowo,
2024-01-10T13:20:23Z,sma jga gitu skarang pa prabowo,
2024-01-09T12:13:04Z,anis terbaiksalam damai,
2024-01-09T10:51:42Z,suka banget lihat debat saji kpu keren keren lihat anies baswedan bikin gereget gestur adem ruang debat,
2024-01-09T08:27:05Z,aduh mulut nya anis peng gua tabok,
2024-01-09T11:11:26Z,a href,
2024-01-10T14:42:00Z,amin yaa allah brsemoga beliau menang amin,
2024-01-09T07:40:28Z,bir temu lawak coblos pinggir ora penak,
2024-01-09T06:11:23Z,taiwan hongkong tki no,
2024-01-09T13:28:17Z,dasar bocah ml wkwk,
2024-01-09T04:29:05Z,nya sy pilih salah dr kecuali prabowo tp nnton debat sy ubah pikir dukung prabowo mon maap ya bkn sy plinplan sy sbgai warga indonesia hak utk pilih nilai,
2024-01-09T04:14:14Z,salutt prabowo utama penting selamat rakyat negara indonesia kentingan pribadi buka rahasia negara indonesia sensitif rahasia aman rakyat negara indonesia cintaigood luck all,
2024-01-09T07:13:53Z,best marah nya ya,
2024-01-09T03:18:58Z,prabowo pinter cerdastidak ragu alam beliau prabowo tenang rakyat indonesia paham cinta prabowohidup pragib,
2024-01-09T02:15:00Z,ganjar mahmud is the best,
2024-01-09T00:34:16Z,simpul pimpin sikap yg cerdas ganjar,
2024-01-08T18:20:08Z,bicara militer tahan depan lulus baik fort bragg lucu lucu lucu,
2024-01-08T18:09:09Z,debat niat pilih anistapi debat sadar orang kualitas pimpin jatuh cari jelek orang lainhanya pimpin teman hindar tipe orang,
2024-01-08T15:39:13Z,butuh orang mempunayai tahan nyata pintar bicara semangat prabowo perintah negara indonesia sempat hasil tertund,
2024-01-08T14:53:36Z,masyaallah the best dah abah anies,
2024-01-08T14:09:41Z,debat kali matang niat buka mata hati nampak pempimpin yg bangun negeri dg tulus hati luka hati derajat yg pimpin negeri jatuh org nampak kualitas dlm,
2024-01-08T13:48:58Z,salam hormat santun saudarasaudariku bangsa tanah air ketemu hari rabu februari,
2024-01-08T12:16:38Z,heran bilang serang dukung pikir nama debat ya serang adu gagas jalan jalanibrbrpayah,
2024-01-08T15:05:58Z,balik prabowo yg nyerang anies ga wawas prabowo kecuali tahan yg dangkal isi,
2024-01-08T14:22:04Z,musuh bebuyutan yg luka hati,
2024-01-08T15:09:14Z,gak anies yg bagus singkat padat,
2024-01-08T10:39:29Z,keren anies perhati krpantni n polri,
2024-01-08T10:27:58Z,debat gibran nyerang calon bilang cerdas pajak naikin horee in apaaa sihhhh,
2024-01-08T16:54:21Z,ber diplomasi pimpin nya pinter bicara,
2024-01-08T09:45:00Z,prabowo wlaupun tdk pandai bicara ikhlas tulus negara,
2024-01-08T11:31:52Z,wakil pas,
2024-01-08T16:01:22Z,iya,
2024-01-08T08:41:56Z,omong tuh si anis,
2024-01-08T08:20:35Z,bilang paslon amp sudut paslon lahh kann debat kalo tuju tuju ajahh mahh mesti debatin,
2024-01-08T07:46:32Z,sayang capres no capres no singgung ngiang luka yg moga damai ruang debatbrdisini capres no fokus visi pikir gagas data prestasi yg capai abdi dpr dprri gubernur jawa,
2024-01-08T07:45:04Z,prabowo bilek quotkukira kau teman ganjarquot,
2024-01-08T07:28:54Z,mnjatuhkn org trlihat lbih unggulinsyaallah smua sdh tau dplihnyakrn sy pribadi tdk btuh mulut mnis,
2024-01-08T07:04:16Z,dr gagas idebryg lihat paslon keroyokan paslon cari momen jatuh naik emosi paslon,
2024-01-08T14:38:55Z,beli barang settingan beli bekas setting,
2024-01-08T06:35:38Z,hm anis off side debat utk mengutaran gagas solusi fokus problem mncb malu org trnyata ga ubah sayang skali,
2024-01-08T06:14:50Z,kritis dlm bicara berani jadi oposisi dingin imbang cocok dukung perintah tetep luar perintah bangun negara tulus utk satu bangsa biar presiden wapres nya,
2024-01-08T06:03:57Z,buset buzzer keras banget sampe gin ya,
2024-01-08T05:34:02Z,jiwa pimpin prabowo ragu maju prabowo,
2024-01-08T05:26:51Z,no tunggu,
2024-01-08T05:26:03Z,anis bilek menang ronghiya izin ambil wilaya indonesia tuju,
2024-01-08T05:11:32Z,mohon maaf mual denger anis ngomong kayak ken muntah gitu omonganya mancing mancing emosi,
2024-01-08T04:40:31Z,all in amin,
2024-01-08T04:24:04Z,si anis sm siganjar pinternya mncari ksalahan orang,
2024-01-08T04:21:08Z,muantabterlihat cerdas paslon ri moga pilih pimpin yg adil amp mensejahtrakan cerdas rakyat aamiin,
2024-01-08T04:53:44Z,ya ikhlas tanah negara hgu t yg kelola,
2024-01-08T04:06:20Z,sesi prabowo tekan tahan emosi rahasia bongkar paslon paslon tp keren sih anies berani tekan transparan anggar tahan pikir ya guys,
2024-01-08T04:36:38Z,gimana food estatebrgimana barang bekas,
2024-01-08T05:08:48Z,prestasi wowo thun sbutkan,
2024-01-08T04:27:40Z,klihatan banget,
2024-01-08T03:19:08Z,aniess pintar berkatakata laksana,
2024-01-08T05:26:13Z,riansaputra kluar dri goa kek nya,
2024-01-08T08:23:36Z,gmn langgar kode etik yg dy n wakil nya uda terang langgarmau pilih jugasuper ngacoemg lu nti smua butuh ordal mikir rakyat n atur negara hancur negara broe rakyat nya ga mikir bener gni,
2024-01-08T06:37:29Z,lupa jasa korban paman,
2024-01-08T07:27:25Z,jokowi nggak netral boss,
2024-01-08T02:21:00Z,dukung amin suka anies debat dg ganjarbrbrkalau prabowo emosi,
2024-01-08T02:11:34Z,gama,
2024-01-08T01:53:17Z,ganjar visioner,
2024-01-08T01:42:56Z,debat adu gagas cari slah jatuh pojok brmasyarakate bingung emosi,
2024-01-08T01:41:13Z,anis bagus strategi pecah bagus susun bicara yg sopan,
2024-01-08T01:39:01Z,anis baswedan,
2024-01-08T01:29:27Z,abah anies pukau sabar ken indonesia pimpin beliau,
2024-01-08T00:39:30Z,keren banget anis debat pilih pimpin yg amanah yg jalan tugas nya dgn tnpa pikir pribadi tpi jga nasib prajurit rakyat indonesia mmg lihat sma data bobol khawatir rakyat,
2024-01-08T02:19:01Z,semangat dukung jgn smpek jdi yg x,
2024-01-08T02:56:34Z,dapat debat yg sebenernyabrtapi lbh introgasibrmaju prabowo msh bnyk orang orang yg bijak yg dukung,
2024-01-08T00:39:53Z,bismillah amin,
2024-01-08T01:16:28Z,cari salah orglain mah tp tendensius paslon no endingnya cermin sosok pimpin yg bijaksana,
2024-01-08T01:16:49Z,amin,
2024-01-07T23:41:15Z,moga prabowogibranbrammiin ya robal alamin,
2024-01-07T23:38:35Z,sengat bagaimanapunkayanya mah prabowo menangmakin nomer amp pojok beliau retorika arogansi recehpanik elektabilitas kalah mulu prabowobrsemangat prabowo suara ubah nomer,
2024-01-08T00:52:32Z,ajidwisaputrasaputrakalo balik pimpin teoritis ikhlas simpati empati rakyat seram,
2024-01-08T00:56:23Z,gabrielteguhsilaenmasalahnya prabowo ikhlas beliau bilang aset mandeg th kuasa,
2024-01-07T23:35:10Z,no pintar muter muter no kerja nyata no kerja nyata tentu pilih,
2024-01-08T00:52:03Z,hidayahyusuf dasar dukung boaedan,
2024-01-07T23:11:43Z,mantap pilih pasang ganjarmahfud cerdas visioner in sya allah amanah,
2024-01-07T23:05:10Z,debat capres namanyatapi debat kerja menteri pertahananmasa ngaraguin pk prabowoyang lihat indonesia urut negara kuat nomor aseandan anis ganjar hak nilai kerja prabowo debat kali tahan fokus sistem tahan nilai orangkemudian sistem tahan gak umbar publik sifat rahasia anisdan menjelaskanjika data rahasia sistem tahan dua prabowo berdiskusijangan jadi sistem tahan sistem politik ngebet presidendan prabowo nilai kerja ganjar anis gubenur prabowo fokus situkarna tema kali sistem pertahanansiapa gak emosi kalo laku paslon nomor urut slalu ngejelkin pk prabowo gin udah kasih hati jantung anis ngehianatin prabowo kemarin gak presidensmoga prabowo menangkarena ikhlas tulus cuman prabowo,
2024-01-07T22:17:45Z,baca komentar channel youtube mana buzzernya tingkat drastis asa klo baca komentar dikit banget buzzernya pola langsung ubah,
2024-01-08T05:14:19Z,ngejatuhin tema debat nya pas tahan,
2024-01-08T01:15:41Z,dukung pakdewi pilih paslon aplg alumni mahasiswa juang reformasi mahasiswa,
2024-01-07T21:59:21Z,mantappp anis exsekusi tantang depan bismillah amin ri,
2024-01-08T00:24:33Z,wkwk kalo kalah debat bilang serang,
2024-01-08T02:50:44Z,awas tong kosong nyaring bunyi,
2024-01-07T20:59:25Z,anies serang bukti dukung nya takut lawan kuasa adil yg main curang,
2024-01-07T20:32:04Z,emosional all in anies,
2024-01-07T23:54:51Z,prabowo,
2024-01-07T20:10:30Z,pasang amin brsemoga jaga allah sbw,
2024-01-07T20:02:33Z,kyk acara komedi paslon amp lempar umpan lengkap asa debat strategi kaki pede ipeh hasil kepung paslon hahaha,
2024-01-07T19:54:04Z,manusia capai semangat prabowo subianto sama,
2024-01-07T19:40:17Z,lawak prabowp patok karno pakai pesawat bekas rebut iri barat taun brpa wo taun ganjar gak wo menhan th wo kocak kau udah positif gak layak presiden wo,
2024-01-07T19:37:04Z,heran aja yg pilih paslon,
2024-01-07T19:25:58Z,mantap anies biar benci yg jelas detil brsopanamin,
2024-01-07T19:16:29Z,ganjar kuasa debat kali cerdas tp sayang yg calon yg dominan tp ragu yg ambisi rebut kuasa takut nya gusdur yg lengser wakil nya,
2024-01-07T23:08:04Z,nama modal janji bro,
2024-01-07T20:39:13Z,lucu buzer kalabakan,
2024-01-07T20:05:53Z,gue sih gamood ye kalo jd prabowo ken ngetok jidat sianisssss,
2024-01-07T19:13:10Z,etika fair ikhlas rakyat jiwa pimpin udah liat sih pimpin presiden negara cinta prabowo subianto semangat,
2024-01-07T22:25:23Z,hallo tenang bro tar bales bang samsul wakil wakil brbrbrbrbrall in prabowogibran,
2024-01-07T19:07:49Z,prabowo nya lugas masuk akal mudah cerna teknologi sdm kaya sumber daya alam enak dengar jawabanya teoritis manis mulut,
2024-01-07T19:50:51Z,dapat mbak,
2024-01-07T18:57:55Z,wkkkkkkkkkkkkkkkkkkkkkkkkkkkkkk,
2024-01-07T18:59:15Z,jgn ngaco bangmimpi klu prabowo jd presiden,
2024-01-07T18:29:59Z,ayo pilih presiden cerdas jujur adil pilih presiden ri anis ganjarasal prabowo langgar ham,
2024-01-07T18:29:19Z,kesini yg kualitas pilih ama paslon no anies muhaimin moga menang putar yarob,
2024-01-07T18:28:42Z,bismillah prabowo gibran presiden ri istajib ana ya allah,
2024-01-07T18:23:25Z,nomor mantap,
2024-01-07T19:14:25Z,kalo gin mah nama kuasa topik debat minim data fakta mangkanya gabisa,
2024-01-07T19:18:34Z,tahan emosi gk salam,
2024-01-07T18:58:35Z,serang sesuai data ganjar ganjar beliau data sayang nya prabowo tdk tunjuk data anis serang serang anis patah prabowo,
2024-01-07T19:12:51Z,kalo tulus ga ambisi x nyapres bos nyapres bisnis nya jg yg modalin kampanye jg oligarki melek dikit,
2024-01-07T18:03:22Z,si gemoy laba ndasmu etik si gemoy laba kocakkkk,
2024-01-07T18:02:50Z,all in prabowo,
2024-01-07T23:46:16Z,banteng takut baatt klw no yg pilih banteng nnt susah kuasa lg,
2024-01-07T17:55:26Z,dengar suara anies baswedan aja ademapalagi bermaknaamin aja,
2024-01-07T18:06:22Z,nyimak,
2024-01-07T17:52:21Z,btl prabowo ganjar yg terahir ban telak love you prabowo cerdasbrilliantpak ganjar gak fermau nyerang tp mlh ban telak,
2024-01-07T17:48:58Z,masyarakat mari nilai amp bayang salahsatu calon presiden presiden brsemangat salah pilih nya,
2024-01-07T19:18:23Z,menhan pernh beliau laku prestasi nya menhan coba sebut,
2024-01-07T18:10:28Z,sesat pancing buka data nya publish bicara etik langgar etika nya dasar nilai moga pimpin penting penting rakyat partai gelar jabatanbrbr bismillah,
2024-01-07T17:38:39Z,moga negara dimimpiin pimpin amanah baikamin,
2024-01-07T17:32:42Z,insyallah amin,
2024-01-07T17:32:13Z,doa nya baik aminnnnn,
2024-01-07T22:56:00Z,animaldavein syaa allah amin amana,
2024-01-07T17:29:15Z,keren anesmemang gk obat cerdas nya beliauampuuinnn kerennnno presiden,
2024-01-07T17:50:28Z,yaudah debat rumah aja ngopi,
2024-01-07T17:26:55Z,amin ri quotindonesia absence no more respect foreverquot for global politics,
2024-01-07T17:26:32Z,gagas si anis serang pribadi,
2024-01-07T17:26:04Z,anies nanya tegasbrtepat tegasbrprabowo lugasbrlucu ngegas,
2024-01-07T17:26:04Z,salut prabowo d serang kanan kiri to tetep ikhlas,
2024-01-07T17:25:44Z,prabowo cocokny debat sma calon kades,
2024-01-08T00:02:30Z,teori jakarta contoh kota indonesia pimpin cerdas bicara bicara nya pimpin nilai,
2024-01-07T17:42:27Z,lucu bro hasil kerja ngotot wkwkwk,
2024-01-07T17:43:12Z,bicara potensi tipu rakyat,
2024-01-07T17:11:11Z,anis tukang ngibul prabowo all in,
2024-01-07T16:59:57Z,d nilai sisi mana anies baik insyaallah anies baswedan ri amin,
2024-01-07T16:58:30Z,salut capres no sungguh santai penuh gemulai improfisasinyabibirnya manis ahli teoritis lugas rangkai katapakar ahli ubah apa rubahbr,
2024-01-07T16:50:05Z,kalimantan borneo no aminnnnnnnnnnnn,
2024-01-07T16:47:50Z,sabar subur prabowoklo lht postur paslon pd n jatuh prabowo paslon bnyk omg tpi klo prabowo omgnya hati,
2024-01-07T20:00:18Z,maviakampungorg normal tu emotional bro,
2024-01-07T16:43:06Z,jelass visi misi nya prabowogibran indonesia cinta,
2024-01-07T18:08:59Z,kangkungofficialiya tau klu adab ilmu,
2024-01-07T16:36:03Z,coba diperhatikanknp debat capres ko ga pake hansfreehandset telinganyabeda debat cawapressungguh aneh nyata,
2024-01-07T16:35:20Z,sungguh syukur niscaya tambah nikmat kepada ingkar nikmat sungguh azab benarbenar keras qs ibrahimbrbrmasyaallah awal akhir ajak syukur,
2024-01-07T17:20:54Z,,
2024-01-07T16:24:19Z,no depan bpk anies gak cuman omon omon anies dah bukti dki suksesamin the best,
2024-01-07T16:23:42Z,cerdas susun cerdas kinerjanyafakta yg penting,
2024-01-07T16:18:46Z,no hati,
2024-01-07T16:18:36Z,si anies dri dsuruh visi misi program kerja bahas luar konteks serang lngsung prabowo masyarakat tau yg baik prabowo subianto orng yg pling tuluss,
2024-01-07T16:18:18Z,capres singgung capres adab,
2024-01-07T18:47:39Z,tenang aja fut estet nya hasil ngasih makan rakyat,
2024-01-07T16:25:58Z,amin prabowo ngak mulus manis,
2024-01-07T16:15:35Z,pimpin aelanjutnya cocok indonesia yg gak gila jabat gak gila kaya udh hidup sederhana gk pnya motif jatuh cari salah capres malaikat misi kerja nyata jabat pimpin capres gak modal omong doang apaalagi suka ngekor tokoh politik moga amanah gk munafik penting golong jiwa gotongroyong patriot tahan aman hubung internasional sosial hadap orang gk duduk meja,
2024-01-07T16:08:04Z,amin,
2024-01-07T16:05:04Z,pengaruh umur prabowo mampu turun branies cerdas brsangat layak pimpin indonesia,
2024-01-07T16:04:16Z,visi nya manis paaakk maniiiiiiiiss sperti bpk dukung prabowo jabat gubernur salut deh,
2024-01-07T16:13:53Z,debat anis ga muas,
2024-01-07T16:15:00Z,lihat kerja tv ya ga liput cari data yg bener biar tau kerja media bungkam indonesi yg kerja bener suka si anak tiri cshid,
2024-01-07T16:00:46Z,prabowo main cantik manipulasi hati masyarakat tuju tanggap ganjar karna orang beliau ytta tolak anis cair prabowo main aman wkwk,
2024-01-07T15:56:39Z,sayatetap prabowo,
2024-01-07T15:56:34Z,prabowo tetsp hati,
2024-01-07T15:56:31Z,prabowo gibran,
2024-01-07T15:56:21Z,prabowo,
2024-01-07T15:59:02Z,jamin putar br yes,
2024-01-07T16:05:35Z,bgt ayo rapat baris putar,
2024-01-07T16:11:46Z,tong kosong nyaring bunyi,
2024-01-07T16:14:37Z,jujur bodo perintah bodo pimpin karna yaa miskin ya miskin aja kaya ya kaya aja ga urus calon kali beda teman teman bilang omdo fakta bukti tutup mata terima bukti nyata coba cek anis jabat hasil lahir jabat jgn terpa opini relevan serba mudah fakta akses dgn mudah buka hati buka fikiran sorry quotsaya buzzerquot salah warga masyarakat indonesia butuh ubah indonesia cinta abah hati anis baswedan,
2024-01-07T15:52:40Z,bismillah no indonesia butuh pimpin kualitas,
2024-01-07T16:06:14Z,aamiin,
2024-01-07T15:49:20Z,wow wowiwow kualitas ganjar ragu cemerlang no tuhan kati ganjar,
2024-01-07T16:12:03Z,salam akal waras,
2024-01-07T16:01:53Z,omdo,
2024-01-07T15:59:26Z,ancuree,
2024-01-07T15:39:46Z,mantap bos sehat aamiin,
2024-01-07T16:19:04Z,prabowo harap sayaamin,
2024-01-07T15:38:24Z,segenap bangsa indonesia mari pikir sehat pikir jernih tentu pilih pimpin bangsa depan hak pilih serah pilih suka sesuai hati nurani salah pilih yg tdk kualitas suara salah pilih orang kualitas pertanggungjawaban akhirat kelak pilih yg sholeh jujur amanah,
2024-01-07T15:38:24Z,tuju deh debat pakai pakai amplop debat spontan adil sesuai kapasitas pengetaynya ukur moga debat,
2024-01-07T16:25:26Z,prabowo gibran menang putar brmewakili jateng menang,
2024-01-07T16:21:46Z,coblos no brh bolot amp h malih,
2024-01-07T15:35:55Z,no,
2024-01-07T15:35:54Z,anistoeri terkadang beda lapang ilmu teori dilapanganbr prabowo emosional tinggisehingga sulit pertanyaanbr ganjar teori yg sesuai logika penjelasannyasingkat padatbrfiks pindah ganjar yg wawas ilmu luas dasar teori buku,
2024-01-07T15:33:22Z,anis emang gk sdh bantu skrang sok nyerang lg argumen sj sesuai dg gagas tdk prlu mnyudutkan orang bicara etika tp you sndri gk etika,
2024-01-07T15:33:00Z,menyelsaikan masalh gk segmpang ngomongpilih pemipin sdikit bicara brtindakdan jgn pilih pemipin brbicara tidak,
2024-01-07T15:45:24Z,ttp,
2024-01-07T15:47:22Z,pilih amin,
2024-01-07T16:14:18Z,anis omong ber etika sopan amanah dlam nya menjelekanselalu merendahkanselalu tonjol benci yg maksud pimpin ber etikasopandan amanah ygendukung anis daya omong manis nya,
2024-01-07T15:27:07Z,amin sih yes,
2024-01-07T17:18:47Z,joss no satu indonesia,
2024-01-07T15:27:49Z,aamiin ya robbal alamiin kunfayakun,
2024-01-07T15:54:00Z,ngak baper jugagagasannya hrs,
2024-01-07T15:23:36Z,prabowo jokowi gak beda pokok e prabowo amp jokowi is the best,
2024-01-07T15:26:54Z,loh nya gimana diem gitu ya aneh pikir nya,
2024-01-07T15:34:21Z,anis cocok acara,
2024-01-07T15:41:48Z,hahaha prajurit gak rumah sungguh ironis menhan ribu hektar tanah wkwkwkwkwkwtrus thn jabat yg juang utk prajurit,
2024-01-07T15:19:38Z,nomor suma omonomon sa salam jari timor,
2024-01-07T15:31:40Z,nahan emosi,
2024-01-07T15:23:46Z,,
2024-01-07T15:16:41Z,tunjuk datahahahah gak bicara hebatkeren,
2024-01-07T15:15:41Z,kesini heran pikir paslon,
2024-01-07T15:14:04Z,rakyat butuh kerja nyata yg jujur bkn pintar bicara pintar cari muka allah maha mahluknya,
2024-01-07T15:13:05Z,bismillahirrahmanirrahimbrsaya pilih capres amp cawapres yg visi amp misi jokowi bicara tp perata bangun bidang adil sosial rakyat indonesiabrbrcapres amp cawapres isi kurang lebih masingquot nkri pandang maju ikut kembang jaman terus lanjut program yg sdh sempurna indonesia emas,
2024-01-07T15:11:42Z,visi misi paslon no serang paslon no fakta debat,
2024-01-07T15:11:19Z,pk ganjar kuasa panggung,
2024-01-07T15:25:35Z,makan tuh singkong wkwkwk,
2024-01-07T15:09:45Z,prabowo yg presiden yg yg pandai bual tong kosong bunyi nyaring,
2024-01-07T15:05:38Z,anis,
2024-01-07T15:18:30Z,trisusilolu pake data mayoritas pilih amin kelas tengah gerak ekonomi rakyat brklo om wowo banyak usaha oligarki yg ngeruk kaya negarabruntuk banjar banyak dukung kaum yg ngabisin subsidi,
2024-01-07T15:04:51Z,no,
2024-01-07T17:02:44Z,mimpi,
2024-01-07T15:03:22Z,malem habeeeeeezzzzz wakwakwakkkkkkbrbravo amp,
2024-01-07T15:12:39Z,tunggu demo jilid klo kalah,
2024-01-07T15:01:12Z,no ok,
2024-01-07T15:00:03Z,pinter kalo bual bual,
2024-01-07T14:59:48Z,pimpin cerdas gagas eksekusi bawah pintar bicara bicara isi nya anis orang yg tenang yg tata bicara tata tata bismillah amin,
2024-01-07T14:59:47Z,mantappilihan ganjarmahfudide gagas nya realistisdan ttp tenangtidak jatuh calon pimpin yg ganjaryakin putar gama,
2024-01-07T15:46:59Z,lindung elite,
2024-01-07T14:48:51Z,,
2024-02-04T15:12:28Z,abah anis,
2024-02-04T15:10:47Z,abah anis,
2024-01-25T07:44:57Z,my mom said quotorg yg jahat gk jahat niat laksana ubah berubahquot,
2024-01-22T15:57:33Z,amin,
2024-01-21T20:28:37Z,good job prabowo moga sehat prabowo aminnn ya rabbal alaamin,
2024-01-13T19:03:05Z,visi misi paslon serang individu paslon sesi ambisi nya serang paslon data paham prabowo tri prabowo tau data buka publik kalo lihat ganjar prestasi bilang kesan gubernur tahu batas provinsi data staff kalo staff koarin anis tri pecat hormat otomatis jabat anis tri selesai prabowo unggul tahan negara beliau situasi nkri inti nya paslon ngomong wae ra enek bukti ne anis baswedan mending staf disdukcapil aja jakarta biar angin banjir hujan ktp nya kasihan identitas duduk,
2024-01-13T09:33:26Z,jatuh saluttsama prabowo prabowopatas pimpin negri,
2024-01-15T08:30:53Z,bener fokus paslon sibuk bicara salah prabowo kata bener gue heran ga dengerin kata paslon,
2024-01-12T12:48:37Z,byk orang yg dtg hampir prabowo haru,
2024-01-11T11:13:14Z,a href barang bekas contoh beli motor pakai besok barang bekasbryang catat awat uji kelayakanbrbrmasak beli barang,
2024-01-11T08:25:43Z,kmi camat tetep prabowooosemagat,
2024-01-11T07:08:50Z,liat komenannya asa isi buzzer ya,
2024-01-11T05:53:45Z,mantap debat capres ganjar baik jelas mudah paham program baik,
2024-01-11T04:55:32Z,nilai kerja prabowo anis ganjar nya beliau we love u prabowo,
2024-01-11T04:24:25Z,a href bocorbrapakah maksud anggar silumanbrapakah maksud lebih bayar,
2024-01-10T22:14:43Z,ngeriquot bener dukung prabowo kasih data fakta ngeyel prabowo amp tpi skrang no anies mumpuni mohon maaf fakta yg bilang jakarta aja blm bner lainquot coba liat jokowi taun presiden aja gak maju tpi zaman anies maju ngomong aneh deh brpak prabowo patritisme nya kental pribadi rakyat anies kait rakyat indo toleran debat coba liat negara aib pribadi umbar klo indo aib pribadi umbar gak ruang prabowo cuil data dukung nya urakquotan gak karuan please mikir dah segitu aja moga sadar,
2024-01-10T18:26:19Z,konten yg bahas capres yah aja nitizen pihak anis rendah dukung prabowo bpk prabowo sdh bilang klo gk suka ya jngan pilih pilih sesuai hati tdk rendah kpd klo yg rendah hati ya balas org manusia sih yg sombong selagi km mati bnyak kurang tdk profesional tolong bnyak ajar damai yg ust uah,
2024-01-10T18:02:13Z,all in prabowo,
2024-01-10T17:58:57Z,alhamdulilaah,
2024-01-10T17:52:53Z,moga tuhan meridhoi niat nomor amn,
2024-01-10T17:22:13Z,kembali dana nasabah narada wana artha life kresna life ksb dll yg abai bentuk lindung rakyat jelata,
2024-01-10T16:49:16Z,erti yg bicara prabowo aju dana utk tahan covid gampang jgnkan negara kerja aju peralatanquot yg butuh butuh yg terkadang tolak,
2024-01-10T16:19:40Z,presiden yg pimpin nkri inti tingkat sejahtera rakyat,
2024-01-10T15:39:48Z,rasulullah prnah ajar janji janji brtpi amal sunnah sunnah nya dn kholifah khaffah kekholifahan ali umar abu bakar asshidiq rodiyallahuta ala anhu,
2024-01-10T15:25:02Z,ganjar nilai lbh debat kali,
2024-01-15T08:24:13Z,mana bagus nya si wowo,
2024-01-10T13:06:06Z,ngomentari main bola bola gampang hal ab ngomentari kondisi tahan brngurus tahan gak mudah bro dg kondisi geografis indoneaia yg luas pulau kondisi covid yg pengaruh anggar brkalau ngomentari kondisi dki pimpin ab gampang brcontoh rumah sederhana reklamasi yg tetep jalan jalan jalan track sepeda dki yg mubazir pakai patung patung yg gak rekruet adviser dki yg gak dll brpadahal ab gubernur sponsor dana prabowo brya etika brwass,
2024-01-10T12:55:56Z,x periode golput debat tenang pilih prabowo,
2024-02-18T13:22:00Z,coba klo ga gibran ga dukung,
2024-01-10T11:21:56Z,gw ngakak tanah loh brtanah pribadi cong tanah milik negara,
2024-01-10T10:52:51Z,yg komentar kader ny prabowo kalo debat ya adu argumen cengeng,
2024-01-10T10:52:19Z,yg komentar kader ny prabowo kalo debat ya adu argumen cengeng,
2024-01-10T10:02:40Z,pilih anis ungkap benar,
2024-01-10T08:51:51Z,prabowo beli pesawat bekas hati pesawat jatuh,
2024-01-10T08:49:31Z,berani taruh juta rupiah ganjar mahmud president indonesia,
2024-01-10T07:40:26Z,harap oknum tni polri dzolim masyarakat d sih presiden pilih amin,
2024-01-10T06:53:39Z,debat capres inisaya pilih jatuh jokowi,
2024-01-10T03:16:49Z,wajah prabowo nampak tuluss moga yg pimpin bangsa,
2024-01-10T07:54:39Z,pecat karna beliau ga beli uang,
2024-01-09T23:08:44Z,debat sampai benci khusus paslon aura sinis kes jatuh paslon paslon mmg sdh kenal dgn susun alias pintar omong,
2024-01-09T17:58:29Z,arah evaluasi kerja prabowo debat capres ya emang sih tema nya tahan isi debat evaluasi kerja tri tahan bahas debat visi misi tahan indonesia yg,
2024-01-10T07:26:23Z,bro,
2024-01-09T15:42:40Z,prabowo yg jd presiden ri g dn a,
2024-01-09T15:22:31Z,seblum jokowi presiden indonesia aja jokowi presiden indonesia maju bangun rata wilayah indonesia indonesia maju kembang britu kenpa suka prabowo gibranbr merka terus program jokowibr gibran anak jokowi gw prcayabrpasti pinter nya jokowi br pimpin muda brbrno no noah brno prabowo gibran yes,
2024-01-10T13:22:05Z,bahasa sesuai kapasitas tahu ya gaada jelasjelasnya woy katakatanya ulang ulang papar data clear,
2024-01-09T14:47:19Z,depat liat ganjar ketar tir lupa dgn tuju misi fisi bangun presidenmalah sibuk menjatuhka lawan ganjar paksa dak masuk akalminta jelas ko yg singkat anis ganjar asli nya ganjar anis niat calon presiden main ko bahasa dak intelektual gak bahaya tah kaya gin pimpin negara,
2024-01-10T07:10:58Z,aamiin,
2024-01-10T08:00:58Z,jalur langit negara terima syariat islam hukum alloh alquran hadist nabi pedoman,
2024-01-10T08:46:58Z,angkarapowermetal mohon maaf karna sy orang awam agama negara jdi sy tulus doa sesuai pilih hati sy inti krn sy hablum minannasdan hablum minallahbiarkan stiap individu yg hubung langsung vertikal kpd allahkrn stiap orangstiap iman tdk luar sajadan smua gantung niat allah maha,
2024-01-09T14:34:05Z,debat jatuh emang datanyakalo kerja nya bener sangkal nya amp lawan nya gk jatuh kalo kerja nya bener,
2024-01-09T14:28:23Z,prabowo subianto yg presiden ri,
2024-01-10T21:36:41Z,tema debatny tahan calon menteri tahan wkwk jd jngn baper jd kalo km pa anis ataw pa ganjar menteri tahan mgkn habis rujak pk bowo mlh pedes wkwk kalo debat ya adu argumen cengeng,
2024-01-11T09:09:10Z,dilgodilfadil fatal takut tahu kwkwkw,
2024-01-09T13:44:24Z,prabowo menang bnr liat tulus prabowoo dlm muka bapaksukses y paksdikit bicara bekerjadan ttp rendah hati,
2024-01-09T13:09:24Z,sombong banget bowodi ajak salam lengos pimpin wo,
2024-01-09T13:07:30Z,liat anis nget kataquot tong kosong nyaring buyinya,
2024-01-09T13:07:02Z,liat bgt haus kuasa jatuh paslon ketar tir panas insya allah menang,
2024-01-09T13:00:29Z,byk bener buzzernya,
2024-01-09T12:27:33Z,orang bijak dri hadap orang pojok nya,
2024-01-09T12:26:35Z,moga prabowo menanng,
2024-01-11T08:58:01Z,a m i n,
2024-01-11T09:05:11Z,jatuh quotkami rekam jejak langgar ham rekam jejak dsbquot yg paslon capres brbrsementara yg paslon beber data amp fakta yg milik utk uji adu gagas yg milik dg paslon yg memang jabat yg kait dg tema debat gagas yg usung bukti yg capai memang jabat tsb bukti sanggah apa alas sempat yg krusial tsb bela yg adu data,
2024-01-09T12:21:58Z,prabowo hnya omong kosong sanggup hnya beli alutista bekas yg notabene gratis dri hibah skrg beli sma si tua bangka yg dlu prnah smpat tolak krna biaya awat mahal tdk efisien jg gampang emosi tdk bsa terima dapat kritik orang gin ni jdi presiden bungkam mulut klian yg suka kritis nnti,
2024-01-09T12:06:22Z,melohat debat iniall in ganjar pranowo insyaallah indonesia sehat,
2024-01-10T13:40:37Z,prabowo baca visi misi zero idea,
2024-01-09T10:33:49Z,aslkum rahayu syalom om swastiastu namo budaya salam kebaji pilih prabowo tiga yg milik alam prabowo system tahan negara beliau mumpuni insting spekulasi aman negara poros depan ikut makmur masyarakat indonesia pilih prabowo,
2024-01-09T09:59:13Z,all in brabowo,
2024-01-09T08:55:18Z,inget anis debat ahok dp rumah rupiah,
2024-01-09T08:51:36Z,bilang anis serah personal prabowo keliru tema tahan ya tanya sesuai tema menteri tahan nya prabowo,
2024-01-09T08:41:03Z,coba anis introfeksi kerja hasil persen sdh kerja,
2024-01-09T08:34:42Z,prabowo vs sales,
2024-02-04T23:32:16Z,toleransi agama,
2024-01-09T11:05:50Z,aamiin,
2024-01-09T12:11:20Z,aamiin ya allah,
2024-01-09T12:39:13Z,aamiin ya robbalalamiin,
2024-01-09T14:07:59Z,aminnnn yra,
2024-01-09T13:10:49Z,buzz er,
2024-01-09T06:37:52Z,all in probowo,
2024-01-09T06:21:56Z,no ngaco ngomongnya nglantur jiwa presiden jiwa emak emak kampung sindir tentangganya susah no sampah kasih jalan pimpin rusak,
2024-01-09T06:14:51Z,lihat komentar lucu lucu nama debat mempertanyaakan bidang tahan aneh yg jd caprea menhan olah prabowo serang beli alutista bekas negara t,
2024-01-09T12:50:15Z,yg omon omon ya,
2024-01-09T14:06:28Z,buuz er,
2024-01-10T07:27:57Z,iya capres mu yg omon omon doang bicara rangkai manis ompujebocreator,
2024-01-10T07:21:38Z,prabowo hati muliaidkacc,
2024-01-13T13:40:14Z,food estate apart kbr skrg,
2024-01-09T05:30:14Z,calon serang orang bicara kurang calon lebih visi misi ditepatin janji,
2024-01-09T05:29:40Z,nkri anis,
2024-01-09T05:07:52Z,alah nis anis haduh prabowo ani banyaak tingkah ga kasiian sma prabowo yg udah tri tahan udh beli indo anis ga pilih gais klo anis pilih ganjar pilih otomatis rohingya indo klo prabowo utama rakyat ketimbang etnis rohingya ga datang biisa aceh lautaan sumatra wkwk gelap udh ga pilih anis si ganjar yg nerima oraang rohingya wkwk,
2024-01-09T08:44:35Z,ea bener,
2024-01-09T04:37:18Z,prabowo tulus ikhlas hati sungguh biasaall is the bestgood luck gbu all,
2024-01-09T04:30:31Z,all in prabowo,
2024-01-09T04:05:13Z,benci bat gua liat muka anies sumpaa,
2024-01-09T12:49:00Z,rifkyfauzianis rt,
2024-01-10T09:44:38Z,sayang pintar anis nyinyir lawan nya,
2024-01-09T00:25:30Z,manusia br bicara kerja nyatabr bicara kerja nyatabr bereakting br tdk bicara tdk berkaryabr tawaduk amanah dlm hidup,
2024-01-09T16:18:09Z,sabar banget prabowo brbeberapa x nyalon gagal nyalonbrbrdi sabar batas nya,
2024-01-08T23:35:26Z,yakinorang cerdas pilih amin,
2024-01-08T23:01:27Z,amin number one sengada lawanbrinsyaallah menang telak ide gagas butuh rakyat indonesiabramin for presiden,
2024-01-09T18:42:51Z,emang udah dukung pake nyamar dukung wkwkkwkwkwk lawak,
2024-01-08T18:10:48Z,anies baswedan mimpin bangsa,
2024-01-08T16:51:54Z,bismillah aamiin,
2024-01-08T16:14:45Z,nomer,
2024-01-08T16:10:54Z,amp bagus no yg ri,
2024-01-08T16:00:03Z,amiin indoensia all in nomor anis baswedan muhaimin indonesia butuh pimpin cerdas salam ubah,
2024-01-08T15:42:56Z,allahumma shalliala sayyidina muhammad prabowo menang,
2024-01-09T12:39:55Z,maklum juara pidato tingkat rt,
2024-01-09T12:53:37Z,sumiatiputripak sby mantan tni presiden pintar omong,
2024-01-08T14:14:21Z,periode aq slalu milih jokowi krna tulus beliaubruntuk sekrang ntah pilih prabowo tulus skrng prabowo deket ama jokowi beliau tau urus negara,
2024-01-08T13:37:43Z,pimpin aka pimpin pimpin fokus masalah pojok jatuh butuh pimpin ayom solusi masalah negeri baik kesalhan duludulu pimpin butuh pandai bicara depan jujur tulus ayom jatuh kuasa pribadi kelompok,
2024-01-09T05:08:43Z,maju prabowo gibran,
2024-01-09T06:20:55Z,fitraerlinarmutaqien ora kabeh jawa timur kui pinter ora kabeh jawa timur kui iso mikir dadi yo wajar lek eneng sing ora ndukung prabowo,
2024-01-09T05:51:56Z,si no gubernur ga bagus bagus yaakkk apakabar rumah dp,
2024-01-08T12:42:41Z,beda orang bicara langsung tindak,
2024-01-08T12:35:29Z,anis bohong bukti nol,
2024-01-08T14:25:14Z,serang kritik,
2024-01-08T12:04:28Z,salam ubah selamat pimpin utk indonesia rakyat nya sosok yg tenang bawa indonesia arah yg,
2024-01-08T15:02:34Z,haha prabowo paksa presiden ilmu paham negara tahan,
2024-01-08T11:41:20Z,pilih anis tpi liat debat capres anis gk layak jdi presiden visi misi tpi serang jelek paslon anis pintar main prabowo,
2024-01-08T11:39:48Z,butuh perintah presiden wujud adil sejahtera makmur damai aman bangsa indonesia,
2024-01-08T11:13:51Z,amin hati,
2024-01-08T10:58:58Z,jijiq lihat wajah anis wajah pecah belah satu amin rais allah biar balas timpal akhirat,
2024-01-08T13:03:57Z,jawa gak tinggal bangpak prabowo the next presiden indonesia,
2024-01-08T13:24:27Z,sumatra ngk ketingalan prbowo the best,
2024-01-08T19:30:37Z,bjustru wowo hina anies kali bilang anies gak terima kritik anies senior banget emosional gak layak presidenb,
2024-01-08T10:35:37Z,prabowo okey,
2024-01-08T10:35:36Z,semangat prabowo,
2024-01-08T19:25:30Z,araimadepemimpin manut aja gak diplomasi olokolokan negara pimpin negara gak diplomasi,
2024-01-08T10:17:53Z,paslon no faham tahan karna tema tahan ter luar ekspektasi tahu tahan buruk aceh dendam paslon no brsalam aceh suka cari tau jadi keji,
2024-01-08T10:08:38Z,prabowo gibran the best,
2024-01-08T09:58:57Z,anisss kereng bngett,
2024-01-08T11:20:52Z,bowo,
2024-01-08T12:25:05Z,yg komen akun fack dri anes dn ganjar tiktok ytb dn kayak awas dn negatif lawan no jatukan gmna msyarakat pintar nyata plih no om sya,
2024-01-08T09:03:59Z,no prabowo gibranbrpasti menang,
2024-01-08T09:00:21Z,love you prabowoo,
2024-01-08T08:56:29Z,jatuh tinggi,
2024-01-08T08:50:19Z,njar ganjar presiden kemlinti,
2024-01-08T17:26:34Z,komentar baik,
2024-01-08T08:33:53Z,lucu sm wkwkkk,
2024-01-10T07:29:24Z,anis coba deh liat kayak sombong gitu deh gaya,
2024-01-08T08:26:32Z,udahhhh abah sinar,
2024-01-08T14:56:49Z,aminnnn,
2024-01-08T07:56:01Z,tiga nya maju sejahtera bangsasebenarnya acara debat timbul provokntl dukung,
2024-01-08T07:49:58Z,anies bawa delegasi budaya jakarta pimpin aja gerus budaya betawi coba lihat budaya betawi region nasional aja brgimana bawa negeri budaya bangsa yaman bawa demo rohingnya,
2024-01-08T07:43:17Z,jijik liat muka anies senyum gak mulut manis bgtbrig ak aja blok nya gubenur jkt krna komen bnyk bacot pimpin jktbrdan bukti pimpin jakarta cmn mulut manis tpi bukti gak,
2024-01-08T07:43:02Z,capres yg onoh asa nyerang personal ya kek yg dendam pribadi emang sipat asli suka cari salah orang jatuh nya dasar kacang lupa kulit semangat prabowo laku dgn ikhlas jatuh jelek orang,
2024-01-08T07:40:57Z,tunggu debat cawapres nya,
2024-01-08T07:39:19Z,debat pilih bulat,
2024-01-08T07:23:53Z,amin pake fakta ganjar pake data prabowo ngeles aja nyalahin alas,
2024-01-09T12:35:55Z,bikin putar aj prabowo,
2024-01-08T07:15:16Z,gaya si anis debat dgn narasi yg serang dgn arogan paslon rubah elektabilitas ber bondong bondong rakyat yg pilih paslon pindah paslon hahaha no way survey kompas malam debat pilih rubah pilih rakyat sebal tdk simpatik dgn gaya cenderung jatuh lawan debat blunder si anis elektabilitas paslon stabilyg menang dlm debat dukung pilih paslon yg elektabilitasnya bawah paslon brbrdemokrasi pilih orang yg pintar cerdas rangkai pilih yg disukaibrbrsi anis tdk suka mayoritas rakyat bukti hasil survey lembaga survei paslon atas desember survei lembaga survei paslon teratasbrbrada lembaga survei survei gelar wilayah nadional desember brbr polling institutebrbr brbr prabowogibran persenbrbr aniesmuhaimin persenbrbr ganjarmahfud persenbrbr brbrcsis brbr prabowogibran persenbrbr aniesmuhaimin persenbrbr ganjarmahfud persenbrbr brbrindikator politik indonesia brbr prabowogibran persenbrbr ganjarmahfud persenbrbr aniesmuhaimin persenbrbr brbrlitbang kompasbrbr prabowogibran persenbrbr aniesmuhaimin persenbrbr ganjarmahfud persenbrbr brbrpoltracking indonesia brbr prabowogibran persenbrbr ganjarmahfud persenbrbr aniesmuhaimin persenbrbr brbrarus survei indonesia asibrbrcatatan wilayah survei liput banten jawa barat dki jakarta jawa yogyakarta jawa timurbrbr prabowogibran persenbrbr ganjarmahfud persenbrbr aniesmuhaimin persenbrbr brbrlembaga survei indonesia lsi brbr prabowogibran persenbrbr ganjarmahfud persenbrbr aniesmuhaimin persenbrbrbr populi centerbrbrprabowogibran brbrganjar mahfud brbranies muhaimin brbr brbrroy morganbrbrcatatan survei laksana daftar kpubrbrganjar brbrprabowo brbranies ibrbr brbrjangan ikutquotan t spt si anis data tahan tdk buka muka iru rahasia negara klu buka dpr tp tdk publikasibrbr brbrwartakotalive brbr brbrketua komisi i dpr ri bawah bidang tahan meutya hafid hormat capres prabowo subianto pancing buka data tahan indonesia cecar capres debat malam brbr brbralhamdulillah prabowo pancing buka data tahan bentuk kenegarawanan penting negara atas politik cecar rupa meutya wartawan jakarta senin brbr brbrmenurut meutya capres prabowo buka data tahan indonesia buka paham resiko buka data tahan daulat negara,
2024-01-08T07:05:54Z,debat cawapres debat lawan prabowo brsabar ya salut prabowobrsemangat prabowo mas gibran,
2024-01-08T07:01:36Z,all in prabowo,
2024-01-08T06:56:37Z,dah tua prabowo nya ga kaya gebu gebu kalem gw prabowo jir kali kalah menang,
2024-01-08T06:55:59Z,ya ampun segitunya yakayak marah banget prabowo ga ngaca banget kepala daerah iniseolah prabowo yg gagal menhan kepala daerah ga sukses kalo org jateng rasa bgt kayak gmn jalan provinsi udh pd ngomongin tahan negaraahh bulshit,
2024-01-08T10:39:57Z,itumakanya tahan rahasia,
2024-01-08T06:48:19Z,prabowo presiden bismillah,
2024-01-08T06:45:46Z,emang bener kalo gak terprovok hindar liat komen youtubeplatform medsos kang dukung wowo sok sakit wowo serang anis bisa nyontek ganjar brwowo bilek main aman balik quotsetujuquot gak sih tinggal konteks bobot dikit aja dah susah gitu pandang gw gen z gak samping partai apa kalo banding banding orang orang dah pinter pilih cocok next pres,
2024-01-08T06:31:45Z,prabowoo keroyok paslon ketar ketirr,
2024-01-08T06:31:16Z,anis mulut doang,
2024-01-08T06:26:35Z,ko jatuh ya mengsedih nya nya satu jatuh,
2024-01-08T06:26:12Z,tentu pilih yg ken untung nya si anis bombardir capres no dgn urus pribadi fokus aja ga sih visi misi minim etika kalo gue,
2024-01-08T06:08:29Z,anis taine lalat bibir sdh lahir pinter omon prabowo tensi gampang lebih bawahanya takutganjar murah lebay yg terhiburbrmasih bingung nusuk yg manabristigoza duluha,
2024-01-08T10:35:11Z,buzzer d,
2024-01-08T05:37:35Z,ganjar bijak,
2024-01-08T05:35:38Z,istilah serang wajar ini debat adu gagas pikir musyawarah mufakat prabowo tri tahan kuasa tema eh goreng kanan kiri anis galilobang eh prabowo cebur mulu salah fatal bilang tuju ganjar hmmm ga diri yg mantapbrbrsilahkan nilai krn nilai,
2024-01-08T05:26:40Z,ukur layak presiden ri moga amin pimpin negara,
2024-01-08T05:23:05Z,debat masyarakat tau forum darimana keluh kesah rakyat mengenain geopolotik,
2024-01-11T22:18:06Z,pk prabowo subianto pilih kuyg tulus nkri,
2024-01-08T05:19:55Z,bagus debat buka mata hati gera amat awas,
2024-01-08T05:15:02Z,anis menang omong kerja,
2024-01-08T05:02:53Z,prabowo tdk rendah calon pasang yg,
2024-01-08T04:59:12Z,amin,
2024-01-08T04:59:06Z,si anis liat bgt ya nusuk prabowonya takut kali engga inget dl ga hianatin prabowo haha,
2024-01-08T04:49:10Z,all in prabowo,
2024-01-08T04:47:09Z,salut sikap anisyg tenang,
2024-01-08T12:04:42Z,jgn kayak gibran debat gegara gak tau singkat sok dasar cah ingus,
2024-01-08T04:37:52Z,indonesia butuh presiden visi amp misi amin for indonesia,
2024-01-08T04:36:22Z,amin,
2024-01-08T04:24:31Z,amin buka wawas anies sy paham betapa tahan negeri byk sdh anggar masuk menteri insya allah paslon amin yg lanjut baik ruwet amin,
2024-01-08T04:22:08Z,semangat trus prabowo moga yg pilih prabowo,
2024-01-08T04:20:09Z,anis nyerang ros,
2024-01-08T06:01:47Z,gin klo anak bayi kasih hp,
2024-01-08T08:00:05Z,hahahahha bener jg,
2024-01-08T11:20:07Z,tema tahan hehehehe,
2024-01-09T06:03:40Z,unggul malu,
2024-01-08T04:02:26Z,bicara kurangbagai perbuatannyamaka buat bagus bicara lancar,
2024-01-09T05:11:42Z,maju prabowo gibran,
2024-01-08T10:07:32Z,kau pikir anis ganjar orang lapang,
2024-01-08T03:38:08Z,juang prabowo perhitungkanuntuk masarakat indonesia,
2024-01-08T03:35:24Z,anis tong kosong nyaring bunyi bacot kosong isi,
2024-01-08T04:33:01Z,setujuuuuuuuuuu,
2024-01-08T06:18:05Z,riansaputraya fakta anis jdi tri didik ajh pecat jdi presiden gimnh nih negara,
2024-01-08T07:37:58Z,pas presiden presiden sifat beda,
2024-01-08T02:41:10Z,kereeeennnndebatnya kliatan isi otak paslon,
2024-01-08T02:35:27Z,prabowo lucu bilang ngomong nya aja ngomong mencla mencle,
2024-01-08T02:35:08Z,bowo menang tida ubah aja dg jokowikamu bowo yg ambisi dg jabat tida percaya kcuali kpda hamba alloh yg amanah patonah pa amin beliau yg hak pimpin bangsa indonesia,
2024-01-08T02:34:59Z,keren anies amiien,
2024-01-08T02:32:20Z,heran ya kalo udah nonton nyata quot tayang debat epik wowo sungguh miris pikir sadar uang jabat makan hoax,
2024-01-08T02:31:34Z,kasihan ya tni jaga jengkal tanah nkri hidup ngontrak menhan lahan luas ribu hektar dgn dana triliun beli alustista bekas utama safety prajurit pilot,
2024-01-08T12:16:43Z,brarti presiden gak netral dongbrpadahal asn tuntut keras netral pimpin tinggi gak netral brapakah yg nama curang,
2024-01-08T02:26:37Z,kesel bet ama yg teriakquot capres sih gak simak baikquot aja klw gak tepuk tangan aja gitu biar ademmmmm gitu kasi udah lg panas kasih api panas,
2024-01-08T02:10:51Z,mantap pilih ganjar mahfud,
2024-01-08T02:10:46Z,kemarin u mana nis diem aje,
2024-01-08T02:07:53Z,yg jatuh orang saing jatuh etika,
2024-01-08T01:47:22Z,ganjar tenang kuasa,
2024-01-08T01:46:07Z,ganjar the best keren penpilannya cerdas,
2024-01-08T01:43:33Z,mantap prabowo ga pancing olok brbrall in prabowo,
2024-01-08T04:19:37Z,muhammadsyamronisiap si cerdas,
2024-01-08T01:32:31Z,amin putar,
2024-01-08T01:21:11Z,insha allah anis presiden,
2024-01-08T03:09:16Z,mnusia titik puas kali manusia tuh gak puas,
2024-01-08T00:58:47Z,adab ilmu,
2024-01-08T00:57:34Z,prabowo suruh debat visi misi data jelek org come on guyskyk gin pilih,
2024-01-08T00:56:42Z,anis anis,
2024-01-08T00:52:33Z,yg cerdas amp pngetahuan luas ttp nmr ampdibarengi dg tindak yg konkrit akn lg utk negara inikecerdasan pilih yg akn bs mnentukan presiden yg utk bawa indonesia lg,
2024-01-08T01:57:24Z,nama debat gimn si nggak gitu debat nama,
2024-01-08T00:05:46Z,liat anies adab yg luarbiasa santun kpda lawan adab,
2024-01-08T00:05:34Z,amin layak kancah internasional,
2024-01-07T23:51:03Z,ngeri ya sedikit baik prabowo mata mas anis serba cela miris contoh calon pimpin tolong kandidat aja prabowo amp ganjar aja terimakasih,
2024-01-07T23:45:05Z,pilih aldof hitler ancur ni negara gegabah nafsu ambisi lihat rekam jejak aldof hitler anis,
2024-01-07T23:43:50Z,sinis mata mimik wajah anies klo prabowo lg ngomongngerespon,
2024-01-07T23:40:55Z,semangat juang bpk ganjarsaya ganjar bawa indonesia negara kuatmajusejahtra,
2024-01-08T07:59:06Z,prettttt,
2024-01-07T23:24:29Z,debat branis emosianbrprabowo kasihan kelabakanbrganjar is the best,
2024-01-07T23:20:11Z,bismillah ganjar menang kali putar,
2024-01-07T23:15:13Z,tampil mimik anis tampil din air muka krn serang prabowo data tenang air muka anis tampil sinis alias malu brpak prabowo tampil tenang dapat ganjarbrpak ganjar tampil tdk serang paslon lainbrsesunggunya ciri pimpin,
2024-01-07T22:50:02Z,pilih simpan hati ungkap bilik milu situ amanah serah pimpin,
2024-01-07T22:42:56Z,moga milu curang situasikondisi rakyat indonesia quotkeluarga besarquot muka bumi brtvone,
2024-01-07T22:42:01Z,debat yg ambisius yg jatuh yg jahat yg hati ga bersih yg culas yg licik prabowo lewat tetep semangat prabowo dukung,
2024-01-07T22:38:20Z,ya allah moga anies bawa ubah negara sayang negara rakyat perhati sadayanapak anies leluhur restu anies pasti pimpin negara ieu sadayana rakyat leutik sapertos urang apa eta anies pimpin negara ieu dgn sejahtera rakyat sadayana amin ya rabbal alamin mugia milu menang bela rakyat leutik sapertos urang sadayana,
